NEURAL_NETWORK
NeuralNetwork_1
255.0
CONVOLUTION
5,1,1,28,28,0.001,8
0.6957613582372238,-0.22031527823564753,0.3438122602256962,-0.3077725527938797,-0.3231923533969926,0.3191819095289227,0.6573356127260181,-0.20914393761057318,-0.08483871950800173,-0.3810063764743987,-1.2671305422071528,-0.548990453280694,0.8311038324975971,1.9359000982200696,-0.714273640477018,1.2325985820602514,-1.838579707298904,-0.8307140502274283,1.0949222726856114,-0.11429543153924976,-1.1528960497704583,0.091238554025199,-0.7797491695684905,0.37755858508069035,0.190406484792851,
-0.7957417617407176,1.6407932581716773,-1.4933334804681473,0.7898830501118631,-1.8405145477507003,1.0079204338768997,-0.45980995541086633,1.613475349781632,0.3594403875315258,-0.6118596457142936,-0.33434374117328364,-2.650927888826486,-2.521218391752642,0.36275921343391715,0.35002329276597716,1.9295026575683083,-1.309877888088721,-0.07103587288316679,0.43404331144122316,0.7005700790980063,0.6376396538415657,-0.7828467478518607,-1.4858976874462462,-0.3026217950060834,-0.015355003480492162,
-1.7895125257979987,-0.44503347885559985,0.6467414693464213,-1.0384054116187715,-0.1708427358216961,0.38583489065974413,1.0196707053812633,-0.24816603241844415,-1.3412714349536587,0.24199498369725186,0.17653501931522067,1.1731921988945753,-0.22217283388436088,0.37136079384704296,1.1553448394212318,-0.8419084837962338,-0.6762345923934598,-0.0015124337368225794,-2.1621222494783825,-1.710762228112197,-0.11363898421238851,0.27213946878379763,0.8296942460211273,1.0003313574969952,1.120945270810442,
-1.0676812149896386,-0.635102309507038,-0.014018114912977435,0.5593155649677953,0.10288882545197604,-2.290487187689813,-2.0749237110085135,-0.13482580874647188,0.20260702632611824,0.15965806661010892,0.39994381855845007,-0.6448923286122372,-1.2718419895425506,0.007514976873116054,-0.18370010038932696,0.03935671440963286,1.3417285418187803,-0.06228404095501651,-0.24150801610801062,-1.8404925397006942,-0.5181745257005559,-0.5994529928342825,0.39743045564839974,0.9751180271879122,-0.26903288472559883,
-0.30745631303767174,-0.47073689229841803,-0.5678572157270529,-0.03792036190006421,-0.6734353681100722,0.21067038991104078,-0.10515923429859207,0.24241877803157721,-1.1718138473781432,0.21607564616501918,1.716989717787163,-0.2168282369830851,0.9492104196658854,-2.2494479860495438,0.12778589942685026,-0.07139926903218347,0.7798674598629344,0.7984069113323046,0.2680082482580766,-0.06726043098748662,-0.6976081958278073,-0.9245196690171553,-0.8991442838192589,-0.9856413068029409,1.2256295864007416,
-1.4062941909297655,-0.15044776908594937,0.4260152462487627,0.498966317867076,0.13937436813567378,-0.19169433371319683,-0.9880444868433456,1.2937686336835037,-0.036686483910740315,0.12112070557432068,-0.6281786279087244,0.8380415025618215,0.3608419009906292,-0.1011769271654449,-0.22283979559507258,1.286002162776887,-0.7060009888295848,-0.4241167803321759,-0.7218879642891105,-0.09127384220604152,-0.4418203517068204,0.2601740895424468,-0.28403471294856597,-0.3709663503936122,-1.525434418892696,
0.5920452768835032,0.3449867879749127,-0.9244000610602603,0.771919347705091,1.452322372393427,0.1974407294521159,-0.04471762181821179,-1.1458673288789356,-0.7743991932879294,-0.834884917262488,0.12923059919428698,1.356504227435764,0.4553181835624318,-0.42547519207882867,-0.09504950206214548,-1.58483606326651,0.4483114930553873,-0.6206973515493839,0.9973183919234236,-0.3669374312939069,-0.15666537560125926,-1.0975342562624788,-0.8067411725253045,-0.7723835080566547,-1.153397835780413,
-0.024776944854146152,-0.13387143365184898,-0.7859000430554051,-0.12794524873520435,-0.4396926273839775,-0.2171392165448259,0.4766377525044981,0.5415676201784165,-0.13851475970045893,-0.8949038099623714,0.35716935161780167,-1.0443463827121688,0.22422032111679652,0.75116924612782,0.8777524242747323,0.5031506978003024,0.3236462595081718,0.821008903809157,0.29988512293053166,1.3807911099099257,-0.38784415333935496,-0.8008022205065679,-0.6039363233664025,-0.9090757418735466,-1.17543745260992,
MAXPOOL
2,3,8,24,24
FULLY_CONNECTED
968,10,0.001,3456
0.021898890193736104,0.007333112403851656,0.007766863404837716,-0.06382286629033061,-0.03927909599766627,0.018510998988548806,0.06988988867121894,-0.029401604352039572,-0.04267191350744793,0.0037326880021417925,
-0.043695673864304056,-0.026571809263536424,0.027447750894295433,0.10595622744990195,-0.01683237629057925,0.0722112692437233,-0.09185203127095164,-0.04774160804372675,0.05255459468833971,-0.010653954217005063,
-0.06688529453203401,8.164433243468237E-4,-0.022761543563314206,0.022365533533939833,-0.032244807746451054,-0.05011652772332669,0.08704216652620723,-0.09730367071877452,-0.019709934502974036,-0.09478841917194586,
0.05484216758659956,-0.008107576464482057,0.09283992161895097,0.03390051360988838,-0.022716721237872595,-0.016827591660343713,-0.12294968961344392,-0.11133967988025247,0.018798492925228123,0.012023210941930046,
0.006710232352554825,-0.10002978944372785,0.08759310590637837,-0.015347540540890547,-0.03923156722108074,-0.028220684290050705,0.08225698854330551,-0.1331357316508373,-0.03865212115479825,-0.020363591127307297,
-0.09129665208998768,-0.015276865601417156,0.03915467441897973,-0.05674052944511021,-0.023898702842952847,0.02139357488191356,0.058615391465911076,-0.011243597538886155,-0.07976203786581935,0.0041025790901709465,
-0.004976906459603409,0.021055110949545035,0.0063223187578778615,0.004243069498260329,-0.04796502122109465,-0.025196232037473253,0.06274300287176018,-0.07967941654158961,-0.11346015707139988,-0.09255005428395556,
-0.008562297248363186,0.009303929430187378,0.03287370171179004,0.02492727730202415,0.03325414281657581,-0.059114027383251,-0.04275992281988758,-0.012318904066482277,0.02851437889751972,0.020031988286510496,
5.496356892499427E-4,-0.014135534189662976,0.03485304216432807,-0.008856826268502338,-0.024765114154269595,0.08530220881946546,0.06792546574320449,-0.14584867840526125,-0.04503037838020828,-0.05533717466875317,
-0.009248567505935333,0.056510561555350544,5.14391162238269E-4,0.0028835968983954934,-0.07296769246280864,-0.03855996044474277,-0.03718411810513785,0.011298477806420206,0.03961594882341524,-0.006560832893846619,
-0.018299987153342915,0.01680437443760026,0.0061081901794849324,-0.0144365962364354,-0.04755889842236024,-0.04995217611694543,0.02633078285058907,-0.0891622571400852,-0.16196906555174967,-0.11262529030054148,
0.10765170491408878,-0.0016082030433977807,0.04888087101142404,-0.10501401885983373,0.011148413313531422,0.011616066113296056,0.042470287957055514,0.0455551895196453,0.03714381054737063,0.01881380524700324,
-0.02791783501776948,-0.047491988108678565,-0.044381666972861694,-0.043973179382879216,0.03835488763879037,-0.07300717198946316,-0.004730325181748366,0.041070392539285724,0.034547490802622365,0.01712858492133292,
-0.002824801309789159,-0.030898318530919934,0.08685370898971191,8.471324663436522E-4,0.011386219733697243,-0.010821501322656144,0.06419100270530204,0.029955757832277063,-0.01162331839201262,-0.001955745130205846,
0.08795304417232144,-0.02125684379526775,-0.019011595351261686,-0.03338242883835573,0.019642533591034118,-0.014387319531563622,0.01721951333497673,-0.00565488098554422,-0.0114268637063972,-0.06626066604197131,
0.04569892480333908,0.0322333477330109,-0.041517945891758765,0.0581608628214644,0.08472507503784071,0.030631105111262415,0.010077943397980915,-0.05138110214988589,-0.02656430808327835,-0.04505989675936169,
0.025657829515404282,0.08147719867565203,0.02933512611561716,-0.01090943790026272,-3.0021669030397887E-4,-0.05761585075840178,0.03728152682982371,-0.02828248610476417,0.06469985170525783,0.005278615811128469,
0.015545020371682004,-0.039668574218073446,-0.032871088498631865,-0.009369131853220946,-0.011089933727013406,-0.0016600491222662666,-0.020195242745851487,-0.056654102784419194,-0.015672185120399616,-0.02075114627293183,
-0.017608813808006878,1.4401516800398962E-4,0.002061241019495542,-0.03532743229308371,-0.0503515366125409,0.02452761966778765,-0.0652667742379504,-0.004117519063674479,0.029415071128633882,0.062480860556211625,
0.05088326786907502,0.01290805485372588,0.039136534601007536,0.015460954631727879,0.07376620171743505,-0.01736931270336195,-0.04859605261362345,-0.012758283940642521,-0.021871391057126165,-0.04218373400469551,
-0.037344790425090355,0.004688343944512315,-0.023815732783587316,0.07212691442341668,0.027639679546356273,-0.04817984809913209,0.06793800626339958,0.013181618940583993,-0.01933949944464952,0.06646762982658748,
-0.010052979235936291,-0.09939566754452858,-0.14343953905133602,-0.019646724549003094,-0.01879299583044262,-0.038314241463113276,0.001898533399380898,-0.007055755464113611,-0.04440929070288924,0.025881303140232317,
0.004687691226678945,-0.020375825211014432,-0.0030257630877852273,0.020861352375081268,-0.014124641495716066,-0.06277303082713162,-0.0043733873313417495,0.0022184012825245806,-0.010738880765894689,-0.07573615893004561,
0.03617736340613162,-0.07062287295695638,-0.01072576819651429,-0.030548871569769185,-0.013500604944995824,-0.011702193516589259,0.019254664572623977,0.11376663846306123,-0.0580618326995191,0.014688344196629365,
-5.637320972186567E-4,-0.05255850484192636,0.04253836524758882,-0.01579518325001373,-0.024111923031317862,0.002743424914232747,0.023030216971233423,-0.06142950173067502,-0.07053989778019905,-0.1183863860994174,
-0.054164611215878095,0.017675968294978448,0.03989523714681518,-0.014892469825319271,-0.007965993923645623,0.02398606111628229,0.009660351683698446,0.018844548171617233,-0.004716634446125547,-0.10380358791040559,
-0.0203670807740685,-0.07422265633400311,-0.009201727539139387,-0.00322801938419624,-0.008816857165863562,-0.023450786294478998,-0.03490101617433724,-0.022281021249264604,-0.03951726394304448,-0.027810923223715766,
-0.02317831076797471,-0.0036469506921212257,0.03849210572907068,-0.03480375647105963,0.009676634204399012,0.007229917698870406,-0.04851494793946635,0.03153929710791408,0.07751860863622449,0.035178383609392475,
-0.006275648954409295,-0.054513330761272134,0.0044128887019735975,0.0052481439742294465,-0.022785359647689747,0.04361641314770873,0.006422253285966911,0.004434179007478482,0.005291802097179923,-0.10593855163657892,
0.06813688423579155,0.0018024461839835273,0.02409734379351718,0.03561076788602973,0.0646659324029441,-0.001967061600737078,0.050140926578159474,-0.03739463611708855,-0.07560581656003403,0.025368923551157885,
0.008875039657548761,0.01904685362825521,-0.010322957795703774,-0.011736715068185896,0.007590014446788795,0.05704058324714549,-0.02034542535403473,0.05149642113277458,-0.022504018378835266,-0.2308690014770395,
-0.05019772394640235,0.07813652920291812,0.052162499476728484,-0.027201063815507475,0.04548464229179721,0.012442413955730496,0.007530452570258033,0.026562027297978907,0.020276095834338873,-0.06775178497918023,
0.02879841481144325,-0.011527050214175133,-0.004911775056102007,0.04221308632892012,0.05758411893618957,-0.036391391758966204,-0.05217384513687645,-0.021012876774703367,0.022243354142162115,-0.14481116113404446,
-0.03904315637960341,0.08152333845213071,-0.01198168584691996,0.019739003443307913,-0.05186790117428154,0.0337996386302826,-0.027435695847440066,0.032105648054581694,-0.036515265260618934,-0.003958572000254151,
0.016428181731390476,0.02337667994277318,0.07789067390534161,-0.04372554689152423,-0.026992265882599707,-0.03048746165230961,0.03707617319420093,0.08382629439186105,-0.006107341621735537,-0.004890371571720934,
0.003961567039194419,-0.012017683929275217,0.04325101273868346,0.014756615646719984,-0.03249205817659328,0.03626708388314799,0.020942818638421543,-0.04750418712718745,0.11109706038808578,0.01175578329023287,
-0.01791607670602624,0.00764666150349896,-0.037354940403551286,-0.057983076845120864,-0.044518094150029434,0.02252248600036485,0.025062999817114417,0.044071822407936535,0.016290753348174033,0.029759296374761122,
0.006194032533683338,0.04247074447492249,-0.01584968711450025,0.009515741051835802,0.020032008217380794,0.030384675633761356,0.09551177329035693,-0.009816421961493913,0.0028588566449015843,-0.025103218182396077,
0.045872695338525206,-0.0373121087225523,-0.045529634976391065,0.027210363816296563,0.04948947782652329,-0.056291957966645025,0.05046185249261006,0.03236319647474714,-0.016929027798724062,0.055776688687035426,
-0.023607089252793503,-0.033411199451041276,0.04907602210023378,-0.008792633092074004,-0.047657451822542767,-0.008014615175228695,-0.06399646892891604,0.005954659996214791,-0.010800573914417858,-0.012204601334593222,
-0.01985646761953484,-0.010289491175995306,0.02058789618248771,0.002291032738850933,-0.024345480846928898,0.0018869165539879336,0.048416402783681124,0.015555483663365875,-0.039864957960121024,0.10967825982011518,
0.008754724343106627,-0.03925843000960855,-0.04873966505731908,0.003973023298113695,-0.027958785903371905,-0.06958694031628239,-0.0191680815094833,-0.024909661520658453,0.017082564281501008,-0.058974756890027326,
0.1343676225780679,0.0523460433051005,-0.06703232282483505,0.025201117322328017,0.03418382232609588,-0.013981328474992349,0.03445376051813425,0.07900460857766016,-0.050101392573993035,0.020155158470163977,
-0.048915906074468676,0.0727151285065125,-0.054145719264402606,-0.040263271263989917,0.014599393889459931,0.032589484092384526,-0.047408905965618836,-0.029812247176780438,-0.05845286304225614,-0.00470686342102604,
-0.019162947678771747,0.04314208092729388,0.02098670596637876,-0.021931073290424426,0.02821555624952632,-0.05409947433897395,-0.007417658717164301,-0.01820584496246734,0.03077915481321159,0.0656330136361581,
-0.022975790547432547,0.001408446240200498,-0.005194400444654017,-0.03581222649924636,0.0050842680170981305,0.03144562054809229,0.033303257049868334,0.007045636666398968,0.006292272116436625,-0.055595885502707686,
-5.427720244500402E-4,-0.021062317929808498,0.0020070627174801105,-0.024554331134220363,0.028402503433546805,-0.010994595085443641,0.029607956052493438,-0.0023042669849705597,-0.044604474879972565,-0.023475071094378155,
0.033729103609227734,3.876823917074596E-4,-0.008669814483741465,-0.06599362111804928,-0.015227693650197252,0.04457908497642964,-0.004196140266619056,-0.021258008681668373,0.018717764402075256,-0.0792746394974721,
-0.019463533768489368,-0.04173929318688534,-0.01745150110187451,-0.027675831258854016,0.05283509238096147,-0.029886144163602465,-0.0420439866515752,0.008793909550996192,-0.01115405117462574,-0.04129354786049681,
0.055743961121279884,-0.023371208952296437,-0.06886424718961101,-0.050919246054852575,0.027738043615781638,-0.0137465530966814,0.05681223317572184,-0.008061332315792973,-0.002370063507070532,0.026826620447744885,
-0.00654103330475918,-0.07671003723574646,-0.03864082491393732,-0.022636764973883006,0.02052165751431651,0.09693229036741037,0.004616783387597258,-0.004108165009001963,-0.046863473765399434,-0.07820884279390644,
0.0256818749315529,0.017813138241079395,0.0326172592171414,0.042948994962102464,-0.031725859563643266,-0.09500717854562972,-0.07743320279719687,-0.051512157187952705,0.04617119030406228,-0.07299657356859869,
-0.022445560574984477,-0.023226569107915852,0.009226089324528359,0.004298963226480937,0.00977980608336,0.07922087640829574,-0.041704114306062134,-0.02205359625246136,0.009956563582973746,-0.06800265505427942,
0.0070863426666001594,-0.061639631508537907,0.07310422991913197,0.007784491317553516,-0.05075138399954071,0.04655094851994474,0.00979267200693455,0.013034449589482956,-0.06415121838131294,0.010371794748505223,
0.012968707938036332,-0.008691492886827587,0.026906941729791557,0.027859428832124736,-0.027253555374213638,-0.04668510140405666,-0.02795404698530164,-0.01328833034137785,0.006257790600972196,0.07095718544792132,
-0.059399008910132445,0.06267637423538527,-0.06087294970850183,0.051508799718135934,-0.018432368942473222,0.02939299372428643,0.06324865710466326,0.004135821621920472,-0.06878346267599865,0.025561449897324503,
0.050540985692363066,0.035006593852576366,-0.11739584236967947,0.05474836678719746,0.01170453201006457,-0.02401549850161769,0.0012766104229256245,0.01043331588445785,-0.027743427561716348,0.0016254273091494055,
0.026780899129358392,0.051546389663376595,-0.0027570673229540613,-0.02221853184942309,-0.015042013187657037,-0.034603211214072414,-0.002381354821991648,-0.02627441967805503,0.0020666863306016327,0.015574287828333004,
-0.050939357665043095,0.025819840413585992,0.03118729306262587,-0.05037753195885223,0.010050194893304136,-0.04633527270743138,0.022651515423221653,-0.014919970773346886,0.03776572163402319,-0.026814117102677393,
0.02067088686842258,0.026751525334364146,0.05243953326160952,0.02634935740416052,0.04518045592979769,0.023367496280313507,-0.10860579761130125,-0.014767290389873925,0.053863175660018234,-0.09576096171390337,
0.019385809170731013,-0.0016821607130314345,-0.006825540398865426,-0.0911704474459527,0.08464396219950768,-0.01889071694848009,0.0061735267302399895,0.06151867173591996,0.006435862951080605,0.00596911545124972,
-0.015270875432944631,-0.05109062309388221,0.03511352925543916,-0.004131588446055195,-0.03810028229806826,-0.0650475795224837,-0.07118447777768898,0.017538633081189116,-0.04207460471777251,-0.021560205791219384,
0.015916638391196575,0.05174544760402986,-0.023576111506250743,0.039912721660794535,0.030918767845736973,0.02054580136959112,-0.09402823423061196,0.07214053067226467,-0.03699862315021004,0.01700836225215025,
0.11916301558291467,-0.02526975920745422,0.0544630321797626,-0.04203806550153611,-0.007507251325458058,0.0954609389804728,0.07957675661604695,-0.07845191678534098,0.012623219416057794,-0.026002509443374275,
0.021055776665215492,-0.014742479652575568,0.041356520134909446,-0.0781048759092197,-0.0634491126933065,0.021682774574473367,0.08234221141938318,-0.004927520312139719,0.03178048016646306,-0.03638788988025366,
0.04644861068536939,0.04652387488856409,0.06421103338095917,0.007995180588262936,0.015837825288988035,-0.011452435513247339,0.07293951860366564,0.02327246973858157,0.08072081335915658,0.016845445439578496,
0.039493491056812886,0.0021857040597933627,0.025327563135001716,-0.05957103431679405,0.023759051343817946,-0.08493662561713508,-0.012871617007229089,-0.03734135631763787,-0.013380030392978848,0.01813092551277121,
0.045012196244626344,-0.023272102437397135,0.03253938210463146,-0.02758194993883003,-0.016331303536099077,-0.07720430546065866,-0.09691676717908773,-0.05463376595897271,0.010237418207242048,-0.035861162770268615,
0.03226839425740433,-0.04189817981346273,-0.057718982256090665,-0.04355374805549116,0.05396052222468429,-0.02679205258165949,-0.05168284877545579,0.011890812402221238,0.009573057112424755,-0.005027227908613237,
0.038242057176933075,0.06321072798256525,-0.01712821842804477,0.03708454630224458,0.0976001423522867,-0.013393481896610116,-0.0018111300231668764,-0.047633390558327826,0.00914263221554309,-0.02701696000450693,
0.004880776704246713,-0.16325300211978896,-0.05784048625562974,-0.0247913847367792,0.04379799970374707,0.04083213947362837,0.0015898103412096173,0.023288115573911868,0.02431735594394364,-0.023282310575576597,
-0.04404038400223822,0.009546551947736275,0.05548208670334818,0.006865406696084234,-0.06561001021425966,-0.04947645116706689,-0.08207279849544444,0.08824915341443765,0.06977441678444771,0.057739745387090535,
0.012563932214775319,-0.050700959997045617,-0.019016638830269144,-0.07278862448029827,0.02263714378576739,0.11195089304623813,-0.054297479695531115,-3.435422309013474E-4,0.016740678396170106,-0.026617796007834423,
-0.03877842518196865,-0.01958121379602433,-0.02053148707354326,-0.03637936347734005,0.06064013691274836,-0.04084712414968716,0.025393938741617484,-0.009256248730624458,0.020637321327876493,-0.0013407239053378748,
-0.0027732304120774297,-0.0250366881767595,0.0038674089366700177,-0.022441634210869164,-0.01308303552175623,0.04570080380981304,-0.030836790414326527,-0.013429582666844426,0.0742864613800846,-0.0785118080446773,
-0.03266487947509214,-0.03358403783216405,-0.06834347949502567,0.009325140432350946,0.08626061286421993,-0.08105356894222461,0.02951059901316482,-0.05513240469349343,-0.0013061685960350383,0.007133362446734258,
-0.022402032532935368,0.015315819203536118,0.017532604257604043,0.004339484731896607,1.8986253002029795E-5,-0.064368963337035,-0.00636701596649771,-0.013516380392120157,0.04403893064309703,0.018680568919205578,
-0.001298745902771196,0.06463279881083718,0.05196242478434328,0.03096336965678561,-0.0663712702017383,0.03954363009986347,0.01080366158936704,-0.038277821307359086,-0.027741838712489964,-0.013694477229356005,
-0.052864785739595,0.047353371101805666,-0.03700892467031451,0.01657458547628828,-0.06258836302239494,9.851563132610359E-4,-0.0013960069648389025,-0.0924862056527336,0.04206014610954109,-0.052890357869531314,
0.016093994150426755,0.03649311801879797,0.02922338344053615,-0.036409607898990684,-0.05103423725771139,0.006602526627830487,-0.06799973748515512,0.06469303042334529,-3.313633051729839E-4,-0.0036160165911622503,
0.07320769342580588,-0.011193422508255507,-0.06516642546724728,-0.02017582371788031,0.10698084326745683,-0.04637415896389993,0.033161898946746135,0.03713956743468815,-0.005680408242188897,-0.0277120044969256,
0.007083909723364137,-0.02192923545846624,0.005301702818307424,-0.08910450779203763,-0.006368347662300786,0.05702340294594134,-0.04588298097793053,-0.01871256114521607,-0.01424592022978921,0.02411893723617775,
-0.011838548138910271,0.04805670880923418,0.007980871791331544,-0.026393175224304028,-0.008353754997043149,0.10225760945361498,0.024844698173971457,0.02025580883050747,-0.02164878684892544,-0.0073687176688108725,
-0.01979713282608932,-0.025054141510420035,0.012524939392302807,0.07428880002492726,0.030364376404040782,-0.02079866163806625,-0.05290932549202643,0.013058047326585309,-0.03188026894685758,-0.1435455298521288,
0.06600914532334062,0.01879197973402631,0.03824808487185997,-0.012552607158920882,0.06547564954739973,-0.011057856423295938,-0.02249514815280351,0.07229098528417983,0.01052784954880707,0.02355969201549254,
0.046458530656752275,-0.018065701176729527,0.010122648309764868,-0.009173048387301727,-0.05006078671061411,-0.0033631202956920397,0.007814729439624675,0.03518427143132078,-0.005901618704046973,-0.02414422572362759,
0.028537432957825026,0.04777498171703455,0.01804248581873964,-0.043038607028046676,0.06153205487982598,3.7050763806078277E-4,0.029825741497567317,-0.021291320957341205,-0.03281994917206539,0.032821180489097795,
0.04504356539395604,-0.021966300322701218,-0.043259667605441,-0.017261447706949037,0.020922302871121144,-0.006490689414925728,-0.01985156324869926,0.09685921885506019,-0.021108870934697193,0.020936170628136443,
0.07127923532682177,-0.00510691748268458,-0.015366645717203135,-0.03851342509531421,-3.0088769702847087E-4,-0.05419373367621925,0.09130670588649589,0.030181733753764515,0.04276803444111575,0.029226329357713972,
-0.007078644600528832,0.041521262732736014,0.052288055446957644,0.013128507379146488,0.04562819376980797,0.07328045918000191,-0.01778068507995538,-0.004397662327168377,0.007050647999655316,-0.032277228913431356,
0.032572731758565,-0.10748606944994776,-0.041780979632842434,-0.1480930537783201,0.00963543022744774,-0.05649903254399495,0.04405409667159515,0.038968473202979574,0.013915935838467144,0.008173990680187223,
-0.04702912369546128,0.018226438895463066,-0.03235386784527338,-0.08760007659704441,0.05693924925803899,0.0054229552403977045,0.07841212053262064,-0.00144728843976802,-0.006129304234614419,0.10509688512986982,
3.7399451916331905E-4,-0.0622868196994885,-0.023222512556519147,-0.09505860366873653,0.019184603917305688,-0.029122180846991457,0.020434269710975124,-0.04063806941461485,0.056027910863006014,-0.0250297031017486,
0.05950536120028586,-0.017987534910529217,0.007944901407704761,0.027848745810645732,-0.05400124374817374,-0.022581225650200078,-0.06083458423413397,0.02114118970773188,0.001035280603158973,-0.04026941561729435,
-0.023694590746579845,-0.040886967091919496,0.0410995949000478,-0.10422567348100904,0.0048804543587590375,-0.03284804822603383,0.016453051637012148,-0.0316394452495966,0.031369562612928246,0.0255643088223247,
-0.0014284642011941967,-0.04820334252807188,-0.05160787138463913,0.068862869151814,-0.026175601263545713,0.039851640157327325,-0.028863789039621512,0.023664686704903844,0.02430656351061524,0.06010244947572174,
0.03955938622478135,-0.05067092046180098,-0.05970286197286531,-0.05223905012989833,-0.03831227220398089,-0.03307955793320302,-0.06738567346840722,-0.04161720982822161,0.1326933416645205,-0.047442536722424086,
0.05037718835404751,-0.06710895715695629,0.030215206738451617,-0.0473644629150811,-0.014311719437645259,-0.008995718717921996,0.0590141608204852,0.03393722277385065,-0.013157910110550734,0.004020709238993616,
-0.05301562889887631,0.02493818441033388,-0.05104793301022947,-0.050739708816573054,-0.055352581796253776,-0.021185455744060167,0.039919790785425895,0.0016575241222867264,0.07300891812920643,0.04779110414930793,
0.09686840114883809,0.01700432769219336,-0.05309482623656794,-0.05082165971513938,-0.048250637646624024,0.02478008124110519,0.012218692139033482,-0.08697690499740339,0.0511252706210259,0.022973038837029655,
0.02962750277779068,0.058627535368375706,-0.03476651475724377,0.08403168830663496,-0.06434439837093263,-0.022038862417362536,-0.019882603947924522,-0.007568286327539403,0.01730438311506968,-0.06386868899426233,
0.020679677624712046,-0.038445966917941644,-2.7750181723785983E-4,0.07268721962505403,0.03227305031840625,-0.014516978962817655,0.01025729653263455,-0.09920642538051955,0.07215329326894389,-0.03385327991166583,
0.015612680252111037,0.044415917452596224,0.023076594292579244,0.04326951043651365,0.04370863893352376,-0.046116522847483334,0.047317362377594256,-0.007542644425496807,-0.05842472481366371,-0.05222689543248124,
0.021155360013646308,-0.02559406049262942,-0.07474118205253429,-0.011348946401834597,0.01816802850963733,-0.007081653916133528,-0.00658038299731575,-0.07950788729723439,-0.029738492015839443,0.048664177743570104,
0.05948726291788882,-0.009467654171209556,-0.004137041140300804,-0.06331579055493755,-0.0036885605519006333,0.006727395632866189,-0.022827788465959977,0.012634221376237209,0.053472712515492384,-0.00996484271545739,
-0.014488957938470942,-0.01963124174565912,0.028064737135632647,0.02085564218870189,0.011239448573340314,0.08039033839123176,-0.07977986719019321,-0.07555715927302958,0.09085678683226031,0.029921597263001375,
-0.030804010889266754,-0.05842789066715543,0.008236932881196197,0.013108826958566966,-0.06695844317097993,-0.020180594848446393,-0.06620946913339215,-0.052462516696764695,0.033562644075527434,-0.024476524999428425,
0.042755978767606236,-0.008682247552995742,0.025746111500475576,-0.047210981465247395,-0.08912571743308194,0.04088975723261992,0.051232085572355236,-0.07328485050087122,-0.07252871199806273,0.04049747626244479,
0.010111934661939785,-0.0017919552077792279,0.03486237785339395,0.009553777283326797,-0.0497112075093747,-0.011748564511083057,3.741962468535665E-4,-0.08900273850797376,-0.025713368395610437,-0.03908924018304343,
0.07370242691983821,-0.03407718046762632,0.015553748617388142,0.039057479433247014,0.026020764547236373,-0.004003205811509936,-0.011536173435247788,-0.08991290941819105,-0.007936986742456676,-0.00606161670926786,
0.06666788315435465,-0.04617600967239771,-0.12058307103214827,-0.058470007897416694,0.023574958532619584,-0.07222648572695586,-0.032092623029188576,-0.10298621147988102,0.006997986001767894,-0.1207206721018584,
-0.07027951990166502,-0.07691610164736014,0.04355152480942375,-0.020978594159394848,0.017124805773138633,0.03936814833929681,-0.03372333823465782,0.028297872132154952,-0.052583756737102916,-0.07445212160999473,
0.003492978274498258,-0.20341735996326898,-0.10247089279368969,-0.036088025480906914,0.052771014595924495,0.02276061369891445,0.0012476981697653016,-0.037062487297464516,0.0128096209047342,0.04396883050188143,
0.05085415822110342,-0.048905159722676485,-0.06377446916907534,0.054166028584039884,-0.06627912474907433,0.04112181480029801,-0.01894727784180571,-0.0010160934053586178,-0.08044080429826733,0.011487460934108339,
0.031707730416410666,-0.07318445826661081,-0.10555918591895848,-0.01927062369374716,0.026429261637270565,-5.924107996627115E-4,0.019359047524366894,-0.05007135532740493,0.036426096720800376,0.07118188846370813,
-0.022897378749318797,-0.05194728976251568,-0.008114849379471363,-0.06931231315748601,-0.065149432050259,-0.050388223374600666,-0.03852061365278129,-0.04016659880337707,-0.012675460426509027,0.009866576011669995,
0.029601171530092105,-0.030787391484662734,-0.11604261843981492,0.039248443766861464,0.013055038271356968,0.08169175819188254,0.07826684604126646,-0.042565906937716357,0.06155626706946328,0.030720893112149976,
-0.03666663720116845,0.02456956980722121,0.0651748341216796,-0.013466793406693498,-0.02100823003390008,-0.007241762951445107,0.08193772832139588,0.06618443650450384,0.033208856486460776,0.04235423553547515,
-0.004779142891038907,0.012824402935756679,-0.034098436892533154,0.06362399765878674,-0.04230896785774985,0.014927039432759677,0.039969614706627465,-0.1068459398923619,0.14270871502610155,-0.039660228393362744,
-0.014171560216217943,-0.008439801086810547,-0.024137007333171465,0.001686533766196649,0.00791014681238783,-0.03644406938738851,0.02232096128209472,-0.0039696644389141484,-0.022436937655815305,0.08382118386542106,
-0.04660241145459321,0.08413222241309544,-0.025894197295363654,0.05198685123833365,-0.03148399086973808,0.08623104642087404,0.007783150116752867,-0.03749546201414431,0.03006906550176578,-0.03308979979597444,
-0.04888384606098619,-0.05720212879430491,0.07731646751529253,0.04360816432106695,-0.012308449144729259,-0.00840340123837383,-0.01073033754600989,-0.01083120004557704,0.05541611261920768,0.0326216161443724,
0.06972531936320624,-0.03651055277118329,-0.019738182796090093,0.009333276922001262,0.00639333710390221,0.06714974969476488,-0.08727528425974987,-0.02606214436231483,0.07418049765149995,-0.03235599219007474,
0.03756553231514156,0.017502367792272714,0.01630083982409458,-0.07289423809131303,-0.07459604521796942,-0.03637974241689398,0.039404937380577966,-0.053725611218824236,0.016579657791567316,0.0835587701304879,
-0.005757729133787523,0.06718897998139123,-0.02572599713554503,-0.04524230585858051,0.019952652403642558,-0.020217662565907103,-0.04280830879780914,0.005767720176354498,0.021277960520767168,0.03040948889629133,
-0.015066033373357504,0.07870730042020378,-0.04189042809888525,0.04747783986972145,0.057572362669548564,0.047212517430564066,0.03713678585369506,-0.006999808625676648,-0.06291402757707915,-0.0449118658101635,
-0.02734702114335994,0.023340520877065864,-0.10887425100565136,0.06010651767778458,-0.050526521393710014,-0.09082990107381192,0.06699352367799744,0.00676009109255704,-0.06038686156854234,-0.04691549061072251,
-0.01611991541712456,0.004174425853797329,0.020487832684255684,-6.321323375003355E-4,-0.014713380182815069,0.060646042988707585,0.0493376313423074,-0.07414579259438014,0.010057778499560608,-0.06185190214532859,
-0.007947875352679093,0.07273925404615583,1.5285452886019282E-4,-0.12653921530371623,-0.026798133714679893,-0.05884015634585839,-0.044769469828946355,0.003799215537356153,-0.008062579084243994,-0.07645221148176629,
-0.03547199096219209,0.0994818824129577,-0.019117732273479387,0.0025721636144571095,0.06551368314777054,-0.07330786090580484,-0.048318040702644234,-0.07264347213360071,-0.13240165739721815,-0.030245037347983953,
0.026781340979159192,-0.059458920339530305,0.019295282467557528,-0.021529152569049873,-0.0170928865635034,-0.03768906050876001,-0.011062484557608837,-0.018618202070995526,0.006121310795440648,0.013674470284398294,
0.02604946672941465,0.058193263066615875,0.03373987464602211,0.027141874803163813,0.052508515039307355,-0.10124935938069493,0.01539831759560065,-0.07501938933594801,-0.09462488832780584,-0.11583995389153703,
-0.0344602807620033,0.11105450980403715,0.017738134052529816,-0.014825758185677445,0.006043540366390572,-0.04313455029784668,-0.023347077181345013,0.05373724568999065,-0.014540295075475294,0.04913418830768035,
-0.0197322535567317,0.026651416414847962,-0.08906914914453826,-0.0721062934059938,0.024987618306034628,-0.05283090571345854,-0.03162682431306262,-0.014082867882826021,0.11488788879383746,-0.060723768981617306,
0.03772931117925256,0.031541821001265805,-0.03378124488154204,-0.011788121944811302,-0.03692687804817521,-0.02408734646569076,-0.07489445175774494,0.043460648681782704,-0.028813434072582165,0.09178486798073351,
-0.0357738269562471,-0.04198111395778103,0.03180697359056419,0.011356162422594225,0.04800106274103554,0.009985426930571892,0.09137521477046197,-0.042709932092593564,0.15881010858377628,-0.033231018600575236,
0.039416831883223244,0.011560968726081934,0.05827657340704916,0.023804939690462858,-0.02697645989511831,0.047951254164595496,-0.005078659475771787,0.01959508234028808,-0.08011981942983203,-0.003887714604527001,
0.006172333842153391,0.05741631298083755,-0.018195190079825233,-0.055552468093776355,-0.040752979481088525,-0.04969193506985121,-0.10981870759458898,0.09112934138708102,-0.010177790446251236,0.004106020610158282,
-0.02225907751644662,0.017386042866572256,-0.007754859107537974,0.0378697620699355,-0.027334351584862047,-0.04967371885229341,0.030197808144603766,-0.018921544698434423,-0.004569830282876041,0.05034550908358488,
-0.031035376876098638,0.004322113460676758,-0.007617013931960995,-0.06545146891513275,-0.004174330399724147,-0.06728212005834847,-0.033385273623717286,0.06522948419666463,0.035892186882030004,0.0386753137056468,
-0.048789756943280395,0.006345406660736683,-0.010261738964987768,-0.044869345231407766,0.043441503291133055,0.060085237040391204,0.04629336665103882,0.008192464870085058,-0.00732759027710138,0.04315875981286358,
-0.019991286950794763,0.01152556838258018,0.1107997282771957,-0.03922424586321548,0.10899829983685075,0.010895796285725332,-0.02908709555831846,-0.08428101836189489,0.04584652846722697,0.053431874122648715,
-0.018615797164758672,-0.015540771016078979,-0.037744757775162674,-0.01976401711412367,-0.023032121501230025,-0.026201514881046193,-0.07477005404980228,-0.02022583850989563,-6.117476475096362E-4,-0.06799374160078167,
0.03348032784263104,-0.08443488349797446,0.05080635296605629,-0.05206621031286609,0.01945757577335073,0.045779767660188875,-0.0311096080136241,-0.024558387203062703,0.0018430755599597101,-0.05090115772567697,
-0.027788900810665342,0.03426237019849781,0.08660628147841772,0.0514502186524602,0.06550739193872533,-0.05026637428295925,0.01441451875164974,-0.010875079687802472,0.0492770066600176,-0.027493519833656794,
-0.0206842560068413,-0.008898452812198896,-0.04739300448840647,-0.029331755208659077,0.04439131836515613,0.0297202824989163,0.0036373572033653488,0.05565784714297129,-0.05643139731441988,-0.017826822102359485,
-0.01695441573730778,-0.08273684128328943,0.07946324486297665,0.0102030286875615,0.01793540219390782,-0.014176510949155518,-0.05560753915575545,0.08234469082460177,-0.05132119462480369,0.02155841355619686,
1.6822279020366394E-4,0.05052214725800125,-0.05886167465839479,0.017487547045876725,0.04975323633643809,0.037027044851487126,-0.06698847645271801,0.07372952591198408,0.026346082923530266,-0.12538347521663834,
-0.06584112738686008,0.00153012077509344,-0.02385767295201867,0.04690345177882164,0.026076443256832303,-0.014071237991113131,-0.027956423732523782,0.027743716017744953,-4.133901156401555E-4,0.10174742192242041,
0.007097392882852795,0.042667803810853076,-0.04951607893527482,0.0020148792934023144,0.04031412620783334,0.02841748296639523,-0.01051771655931101,0.08492731552727303,-0.007310030042936661,-0.058005466873782316,
0.06061492535051884,-0.025485123379470995,-0.052973504516917264,-0.07513568388835433,0.0029613225290826546,-0.004856057131221553,0.024149521699446914,0.04268893565081641,-0.011418738253442865,0.0021002998425248983,
-0.0071119855095866545,0.05681678810784496,-0.006470127840516495,-0.010619977841420039,0.03872366450277562,-0.027659246838338068,-0.030823886694664928,0.08527641343051783,-0.027771668651801907,-0.09757668703658857,
0.004791875389269225,0.015559288047883318,-0.02853197141163982,-0.038035782489244524,0.01853238875034289,0.002438620116580729,-0.025875278466690983,0.00740370003298727,0.030761567207840675,0.08506411456554078,
-0.01841884741694848,0.03392765810792532,-0.03333478779690435,0.013090901231900525,0.04496499300046531,-0.08408517090211685,-0.01119484075560195,0.01710457419930346,-0.009971655301807771,-0.07135276072769366,
-0.011781387455742363,5.00585623610163E-4,0.07428025080446497,-0.04054710490156034,-0.009946567460215317,0.038205246575200975,-0.01331551646194014,0.015990683637034323,-0.04698226921668052,0.017080815733709766,
0.03253001085788288,0.016334074050987687,0.010884706172026701,0.048589497378727746,-0.054385442504449474,0.022108334078909542,0.07704677416113317,-0.009373041301538397,-0.020235478203231214,0.017034397680545214,
-0.027985166860491763,0.11555661803929647,-0.020263348319752843,0.012300263950852106,0.03497015031399497,-0.04099573334763808,0.04744685290729657,0.037768093475010506,0.04794644457869553,-0.056463956252590944,
-0.028857883339789756,0.06529817483276691,0.02265698856014316,0.009166602442609226,0.04094818536769298,-0.001809677111884167,-0.008276928003820617,-0.025829207466880444,0.015492228201123795,-0.08257091077413213,
-0.009274310718107436,-0.03947882163755001,-0.03779567561929802,-0.1093066615301279,-0.006360473868169003,0.01665815974907521,0.06693203816214688,0.07220275533547309,0.04863035260615131,-0.012589888646753223,
-0.027414267481452956,-0.05342313073592562,-0.008659348628384984,0.036931543779472935,0.07464472451477529,-0.0034757960612343012,0.007697388735586563,0.024042014695421856,0.014339081288170429,0.006022375444909442,
-0.07599567708830271,0.025409626033864954,-0.005586764069137289,0.07700768100899782,0.06036401478586032,0.02076724417312759,0.12337910446382172,-0.05203717388570148,0.007430975098636024,-0.06130206520143868,
-0.020978221678557663,-0.01100079981860225,-0.06688678655983178,-0.045378350536432625,-0.014027010329710444,0.021717894468858127,-0.010983617708242407,-0.03898167578234978,0.09126161198233317,0.012252688783873564,
-0.02461763844171811,-0.05449475958506246,0.061302447248194954,0.040973960746734435,-0.054492573050431495,-0.008650574364485726,0.02643301116941189,0.03410474923414549,0.015286170980005898,-0.06856368977010951,
-0.03235341499393897,0.03969681281254014,-0.026108274594906056,-0.0023148192119609836,0.029614945760940335,-0.005400110436823813,-0.014892570272455656,0.10465807552493969,0.01974089976403928,0.006905353838546547,
0.024180146757529948,-0.059768030940810374,0.034341604205004456,-0.0019461941769103573,-0.041839622363432145,-0.028805226753732482,0.02483399323963078,0.026093338649929704,-0.05144750610002085,-0.0461239087193289,
-0.06221726503758206,0.025252262182073604,-0.025946507634867187,0.04916006280936135,-0.07842434651999318,-0.021710403196753034,0.044958651241814515,0.029697122465059914,-0.06637714429124662,0.05373246631056773,
0.012052132368752971,-0.1183212960723572,0.023178410253594007,0.04402335004569139,-9.632678225913061E-4,0.003784685199153265,-0.012738196346907253,0.009403581541824168,-0.007345904426701681,0.03800867814907324,
-0.024976268014765633,-0.03357018759724539,0.034758931563252965,-0.038189319195624946,0.0646656423655343,0.03459387632029669,-0.03429443125150625,0.04580183808110431,-0.008288334688528009,-0.015676609421711035,
-0.017086829505629775,0.028800263202524764,-0.13965388452334312,-0.0726539816280106,-0.00936142732635874,0.022399604880067328,0.009399312322565061,-0.010023456995034688,-0.026742022332521462,-0.018182875184220355,
0.03129796706196401,-0.00774598548199839,-5.015200961818813E-4,0.005984985526609167,0.019002873869979623,0.03558865575302763,-0.032627213201535624,0.034776592003297385,0.00939768449769877,-0.07601787158744173,
0.029828053067441705,-0.022973071685627424,-0.013090003956867166,-0.09465813291788686,-0.06733525556648721,0.10343369761965192,0.07110377843649954,0.02827323832307437,-0.009412731681682242,0.0908069223119869,
-0.014089471993730163,0.025682893319562302,0.008008000025425024,-0.01413866940178098,0.003100537648595369,0.03599080580905729,-0.02786492452790601,-0.018935977456985536,0.007859135746576252,-0.07687125008636117,
0.020273788950258293,6.367175963482915E-4,0.012625411816850833,-0.046411192159763075,-0.08196719491220425,0.05080809315029217,-0.011160287776809066,0.057855819398338344,-0.018178964493734524,-0.09759509102486455,
0.012497599502182665,-0.005011827201680352,0.0028743909933423802,-0.005605579904298748,0.010959355417204407,0.01524585225185667,-0.014349002684129827,-2.1018399426354085E-4,0.011669233117871713,-0.032725229997881876,
-0.04447793632933404,0.0027026307794019407,-0.003295963646441559,-0.024369655837876793,-0.00859615306402006,-0.055978143889978786,-0.03119244028371901,0.0014605070511627676,0.026935802406816967,-0.038334563852352135,
0.007164098724474887,0.01917630252296964,0.0057110928381392196,-0.03343859479966864,0.019694068232269272,-6.52465157559847E-4,0.04156078510697312,0.030759810459256277,-0.027758138783958844,-0.0031455840214812264,
0.06477628497235292,-0.020857364690606513,-0.03155815739104087,0.05375731967206252,-0.04510233292552719,-0.010803756930724648,-0.05379678006524746,0.024218450501093815,0.08740167907456999,-0.06261883131947672,
-0.0021419227305950342,-0.06323038082721447,-0.027519839148673543,0.06828761652217316,0.03746068340895726,0.05177138085412652,9.358437625065454E-5,0.061653348925824504,0.06491929118637055,0.09082309368709328,
-0.05211341554826209,-0.03160952246135455,-0.03555522308407447,-0.002319333046008432,0.010444805240460767,0.06788821192566732,-0.012834417515659663,0.058005178014768524,-0.020859619428795738,-0.07285369105463721,
0.09399717943147459,-0.03714010531065723,-0.01282053039639067,-0.03484087764368309,-0.02883018467491569,-0.02757648849016094,-0.10720920050410061,0.0010423207846316444,-0.06636610838691953,-0.014421014180316416,
-0.03533873701747997,-0.015814021247431247,0.017963142026829918,-0.0415151814299699,-0.07930014666392439,-0.012411067039706096,0.053246054684700624,0.01735488599786881,-0.022422396333430957,-0.12344839404628274,
-0.05198791455658898,0.03829585119276239,0.033367618972947,0.07004821108629691,-0.06279878631755616,0.015753721829695973,0.017289637230887826,0.05165565002041526,-0.06614707340891787,-0.06702311130724554,
0.05573049625094111,0.02465419387328944,0.040131269368188054,-0.008676868708798293,-0.0031140498090542475,0.056968412002694487,0.053923706664478335,-0.03066657410314488,0.06784024407153343,0.006502329138139206,
0.008637935258746449,0.009712833649707143,0.07221275273167407,5.784429664256806E-5,0.016910625041503168,-0.014521499859470197,-0.010074009895819176,-0.0631404045946784,-0.015657442081457494,0.018618060051650412,
0.035021419178434134,0.03705155596307362,3.160569486566769E-4,-0.020309250623039076,-0.01733436357842323,0.07030180166093768,-0.028212858800794095,-0.008296168520787274,-0.036815222442758325,0.022066046193253135,
0.006478953426323978,-0.022620536114111446,-0.06208033994226074,0.025034072137213738,-0.004759465135147395,-0.03181933752318352,0.006508841924487189,-0.04710826829271517,0.08355293489226656,0.06544436791429056,
0.08007248495744569,-0.03324916540779084,0.09401500800259006,0.011110536327172042,-0.0293322872162995,-0.047772590044622865,0.03169199381043622,-0.005200447136586058,0.01933241181552747,-0.04639135699952345,
-0.077753644289306,-0.06549424504011837,0.08307891312284589,0.0034429877544896004,-0.008365795531028316,-0.02315395297236839,-0.07132001173386798,0.002827249970953559,0.014112383892980543,-0.016263331834346067,
0.012727482412948713,0.02587249164263565,0.00867646021259721,-0.020828963769060318,-0.027689416647137945,0.0107286773183523,0.010730195144361677,-0.04714253862944137,0.04976304227610793,-0.012838173149311311,
-0.026161469075541992,-0.0027563846492826916,0.04119974193548388,-0.05253404559555898,0.016417111810519646,0.031824316986900976,0.010475166107729592,-0.01580906781566348,0.012266326801380173,-0.011179470395103442,
0.018434349063218898,-0.07455594790311976,0.020340416322865866,-0.018479224405071725,-0.0484735803499577,0.036453917880820724,3.814782416533562E-4,0.04359284547861996,0.05157544889286782,-0.01473263538040269,
-0.009803145204118591,0.011828709382091768,0.011467151375185329,-0.02194373366961673,0.01576404556315034,0.04966137074702096,-0.0077414750045467304,-0.009041246621437828,0.04080517260573744,0.037879505773400705,
0.023744670373645884,-0.048399131866182846,0.016926895221460465,0.045166492151530215,0.07396417065645018,0.04898524272635236,0.005942844528396373,-0.027660898915119955,-0.03977118973857161,0.020876644202405224,
-0.023904886998540712,0.04465925346998655,0.026774046247316954,-1.5621089930199778E-4,0.009455607570775574,0.06349152874415707,-0.022489844333520748,-0.016984630757185232,0.017617201535222077,-0.004815837115683209,
0.05424235696606938,-0.08761894015355576,-0.03855263974673141,-0.0014531085582770089,-0.011982733268257233,0.023804019453105018,0.07697571143055218,-0.024641652051750774,-0.00889881021409404,0.010816101120543119,
0.009184438404501392,0.015911432549302027,0.025588045686779946,-0.005932509783923965,-0.0017903124199308137,-0.023317368801240194,0.0038039098222302156,0.021165674432556198,0.03959589643781641,-0.010684582310320738,
-0.05086736051684892,0.02250933804900667,-0.054335404878088966,0.010283626508248057,-0.06674562068383236,-0.04701743119036214,0.038163760041659125,-0.03115757542618875,-0.07086094562548786,0.00473582818012549,
-6.311978237163588E-4,0.005922051535514924,0.012865731929342683,-0.031122882720818056,0.032141210663202725,-0.012845025597623114,0.024557853358215444,-0.01756515431786572,0.016831688071718226,0.00743716018884085,
0.0049280633751525044,0.045477272625478224,-0.0014182423460865204,-0.07593291190994354,0.03301411426738578,0.04588681479966753,0.09297404850574396,0.0328929828530692,-0.01722427598930931,0.029800215047634682,
0.05237696589271847,0.028731736743662802,-0.04683645751530509,-0.025542460580769723,-0.076073953449617,-0.006623305502786508,0.015316312816697032,0.006348002841635219,0.04193814933993271,-0.049556539434399034,
-0.034070294742722086,0.03040224221628247,0.010015165041395779,-0.043312461695710396,0.04686617153484918,-0.016616811728304353,-0.002164722255859532,4.27705280648394E-4,0.022788731002049388,-0.002862121503038109,
0.004993881988865004,0.03518277386107239,0.019458305263391984,-0.03231371898100533,-0.06754260233134227,-0.0065649982509958064,-0.058028644469055105,0.01171802102159925,0.02611046134117905,-0.020359176966159406,
0.0018148977798214227,0.05966911593972312,-0.015689566022793262,-0.006337014348070289,0.04059425625139119,0.06534620758798138,0.024914099404326935,0.02838066517399525,-0.024889195750151492,0.010487679921407957,
0.07644014113962112,-0.012945041600945638,0.06305435121958199,0.03299219099927994,-0.05725590360388812,-0.059091255128232364,0.09917075867080648,0.07653314161293075,-0.021155738553401117,-0.02930340743987392,
-0.008631037916550068,-0.0685622696929996,0.05260306267650986,-0.036464377472295285,0.022458739574109984,0.006335444196677009,-0.028660787162338143,-0.029441308686144394,-0.009186466690097452,-5.443226013745413E-4,
0.039690495429992735,0.018843650817967288,0.032466829218854125,-0.06288950224110797,0.0508973635319974,0.020062652932163062,0.007921507954143016,0.0231599894184186,0.029382312886843075,-0.03076994280736197,
0.047495219856559315,-0.08649417482494101,-0.002094673262472967,0.015278211739132519,-0.022642134131770082,-0.03134143911620242,0.06395631061589709,0.023736812435362332,-0.01665395572270595,0.01672390822293793,
-0.057465899408288314,-0.058884496297891074,0.05183815419031656,-0.03920564319602749,0.03181403623700715,0.026018863834631166,0.003629708835002449,-0.0060077064304828506,-0.013103144650397287,-0.036690063892923445,
0.0047520490869782765,0.007476333407372387,-0.014399621376104147,-0.019345163317075132,-0.07633764749746585,0.05498439471246909,-0.026338049803942054,0.03891447778966214,-0.018067373414463742,0.02051260196874883,
-0.0025141371658939106,0.06535059240131304,-0.009865487585918804,0.050383304372009524,0.02041461372661936,-0.030537748724895605,0.030327206907798682,-0.0016611091412605907,0.02570885856743075,0.04959474236424716,
-0.08595157295034596,-0.0035731336343056016,-0.03259976661056278,0.0772136319329701,-0.0200854062229367,0.03045416592572236,-0.09898592039388791,-0.025901418538762443,0.001279847379820316,0.007901979334185525,
0.038620837021496206,-0.024665434019093394,-0.02858305483741567,0.01679070784448146,-0.020687325797922436,0.0017887819554856714,-0.024832446312691565,0.016046868070544507,0.050080529706029026,0.03882404142921785,
0.06091673049054282,-0.06867979832557457,-0.07001288488635454,-0.0017892636096104536,-0.04077476293813526,0.026072325717568307,0.04610529971963166,-0.028758687507887577,-0.028132281800454538,0.024804274860767236,
-0.024044698378222,0.08565889496254288,-0.03357134820815233,0.039431402380311946,-0.012264557162466367,0.012844389821793676,0.045580116172562433,-9.883095322240339E-4,0.02254910794461128,0.045677940061265306,
-0.015420220880199958,-0.024211905403687513,0.0799706614270417,-0.043685475585577796,0.003237842059275405,0.034882190988421165,-0.05738874364564202,0.004547400629395207,-0.015574742411016421,0.07213271803231995,
-0.008000344369813325,0.01544768927668875,-0.06298836642533337,0.06554203545329877,0.01623037984385943,-0.0142329949506079,0.011336825425018328,-0.024728072787503996,0.02347223904006633,-0.0023426180818885826,
-0.008371206761867337,-0.024072857529844383,-0.009005052553821159,-0.022757767978449323,0.06533535794518114,0.060088201827131815,0.07903543709282741,0.017228916768160202,-0.03894261019214506,0.016221489698898153,
1.0926603702315641E-4,0.025200403064952664,-0.048901127961214375,-0.01593739161309178,0.006938400052200204,-0.02990870194305021,-0.003591530645897781,0.006999385091872771,0.0210171161593424,0.03243899070002414,
-0.008750874682048654,0.03918396455217602,-0.012447709859951594,0.008271715391891284,0.002508023720901031,-0.1635094787476836,0.02000571314564363,0.01792241023258819,0.05930423683137839,-0.05186629786169829,
0.040798067876377325,0.012744797655753622,-0.03135130462640563,-0.0020686508097043387,0.05239069157069154,-0.04667778151529109,-0.021816804731001768,-0.005591801566352308,0.009849695962791203,0.03013150060000352,
-0.004230209365613048,0.09973801220843011,0.020351368184169757,-0.028601121176154532,0.02723782804721769,-0.06767085456839202,0.0888883632353429,-0.026901360484756987,0.005168877084354585,0.03232885131339959,
0.07057878122612458,0.020862935912995925,0.09513687030278266,-0.0797991079507779,0.014640879317161353,0.004252505762828491,0.038534065097611384,0.04159182637978525,-0.007915244157252367,0.023445810486928974,
0.018595726305780647,0.017205130523113645,-0.06010345824428402,0.016261595238137454,-0.008715612163794658,-0.060962798548909104,0.0017423455765657589,-0.042475603927532225,0.04379465438971739,-0.05552603903123791,
0.04322486380368115,0.07437514050268584,-0.06243629946385555,0.047337551179500906,2.9207329672593165E-4,-0.0025010747486442623,-0.04375680964917243,0.03690592054620238,-0.12235575960901171,-0.011373106818432175,
-0.01753423020086411,-0.031524343120669464,-0.08674681479754086,0.004636846872169718,0.12344588147106757,0.07946574871187964,-0.021950926740303498,0.03059552855935791,0.011947541780377102,0.05537386126274037,
0.07908533830368779,-0.014616494303414107,-0.006991422820045617,0.01796455129737668,0.06567138984707144,-0.025528331539009054,-0.03738604993866247,-0.06708372235745877,0.0015603513966404206,0.00590605566594015,
0.04731615421978296,-0.05484202815477723,-0.007760525420492351,0.009473316784350741,-0.017523850005445644,3.930869663792538E-4,0.01136000277235452,-0.0011406245008652673,0.01750042295931416,-0.0699142909305249,
0.008966905223301996,-0.014343330717050245,0.027556052077933563,-0.005013749829229463,-0.006752727830859379,0.002726636393019827,-0.01560505817634582,-0.04423288916417271,-0.019663784317928975,0.08608355639298884,
0.012147835040896216,-0.0378634793664869,-0.037702535019817365,-0.08174070920141266,-0.07505699566545403,0.04795798161434466,0.004508608270018913,0.10426065562247122,-3.436907049563636E-4,0.028755337925692424,
0.06466906458181103,-0.01959100614925624,0.05401861578564598,-0.10490178880324906,-0.07878539564836669,0.015171679014145973,0.007869561396742625,0.014487513403698913,-0.038579436426910134,-0.05916763994029275,
0.041811302783643985,-0.0027694499523119812,0.09369336306357648,0.00523371205585234,-0.05947662960948378,-0.1287058814619969,0.050027806794454246,0.033719597548902795,0.045788510920157025,-0.0017410757626684212,
-0.058594922151129894,-0.011688277815185857,-0.0032976424276767095,0.04614065209338966,0.022853740174474287,-0.00744388400332823,-0.08202320848345576,-0.04981576868786871,-0.10754977123611617,0.04202621178755266,
0.005102718001835581,0.09770367343455377,-0.01770204224497428,-0.020057865495909873,0.03426421702607723,0.052984019894731484,-0.0010440860196216054,0.052788105952815086,0.01987233835649731,-0.017033247103241604,
0.02313912100944763,0.017238353168771387,0.0026685901298279567,0.07677563320360133,-0.010934632516744222,0.05129796368126075,0.0524071338405286,-0.03388277901218476,0.026968807748881853,-0.0020704731542027116,
0.02020162829243327,-0.005540853217571172,0.03159544069015762,0.02024324375166068,0.004490061308608715,-0.08394719917654926,0.00416585529186184,0.03989982374169755,0.023026721003587932,0.00578102991454831,
0.04828927471064179,0.09728530073989876,-0.11292722114855122,0.14392639657779785,-0.004841030426672533,-0.010521773143899283,0.06993396029212723,-0.022603010056463507,-0.06497937426796392,0.0396566060803164,
0.0024525545610467755,-0.002046923387450378,-5.418446640201633E-4,-0.007570675538166501,0.009457238147541729,-1.4066068553032272E-4,-0.04703795371414611,0.06447910039386186,0.037674668665098165,0.038211828101184356,
0.023054576396410807,-0.05166217686455533,-0.09248401072347831,0.07175496518584953,0.005957468715619942,-0.0577925742503902,0.04717500787152909,0.012940055314722787,-0.014893613877818023,0.029106895408618563,
0.04783872024319249,0.05830122977791514,0.04945830526432029,-0.014398869487862745,-0.05622125615742564,0.014059208120980533,0.008588753849959267,0.005684802898708584,-9.297620115253438E-4,0.038798400798312045,
0.01639830531268334,0.07074221218642973,-0.08164240607843505,0.013807104233770023,-0.028244500025793175,-0.05380882471800452,0.02303036336711296,0.04994934623539502,-0.03749201836168714,0.0022631094174822863,
0.06626359836714182,0.05285814051955561,-0.04539091811820577,-0.060404461477869056,-0.0404851190016844,0.016484527246810956,0.1118220086299038,-0.0035895702905018507,-0.030346152941211377,-0.005404702272380729,
0.12817159722478416,-0.030990991547217437,-0.03165818289717035,-0.020038982700865012,-0.020236009468996785,-0.0038721449832485495,0.01850335790065986,0.01075463553061141,0.013835524094010244,0.00549696218394802,
0.0035082417074008745,-0.002770162437040173,0.006325931816027002,0.06443309180543753,-0.003200095438105093,-0.043353321978445866,0.023365749622540333,-0.004806001233243405,-0.042084377198165525,-0.03978680611805412,
0.0035057019957629868,0.010990121565137158,0.017297412900260507,-0.03505838772433846,0.044990729755462186,-0.06025080583524678,0.06467732266797369,0.08314729990957276,-0.02067548223330988,0.007640477795343489,
-0.049355288769766505,-0.039907410373411265,-0.021078520953788087,0.015474105691603283,0.031137778123842504,-0.03698230272133883,-0.08905046150557828,-0.002538677310075918,-0.02755385841234229,-0.03361966754956747,
-0.015053317405124661,0.021671879596450113,-0.048073320576520716,-0.015622224119461285,0.10645154074046517,-0.020038020689936206,-0.010038506539589329,0.04917603548593687,-0.020059578003412865,0.03690277130363627,
0.015314044741336028,-0.01867029783800965,0.020973480931709265,0.007161560666565361,0.023817362381955462,-0.03757641550012512,-0.06166426713679399,0.03575240778828583,-0.021614764560956998,-0.04825068143200835,
0.01851512225214229,0.00858673204413051,-0.0645191103471822,-0.03972080700671,0.025524126956339085,0.044967688090535606,-0.004147675137092363,0.032097908014995416,-0.009840511348809087,-0.049597425319256254,
0.019081283661197095,-0.05210774582290026,-0.014653917573502618,-0.01063890089814217,-0.03162091687370862,0.039684253933728174,-0.04284773092445329,0.017785729158265765,0.06437480286208713,-0.011767928865299931,
-0.1398756238882448,-0.016411065921960875,-0.03361582750432628,-0.019097660025530202,0.023932072785865875,-0.0640721700790353,0.06342402826857704,-0.01658979173094944,0.007772505678538502,0.08403995804526972,
-0.02462567734323995,-0.007678216960971819,-0.036018180509095304,-0.03188952234645054,-0.0035077256156066127,0.025703165446815515,0.019644285651176673,-0.03879694542914586,-0.0028901713027558113,-0.08163772420070844,
-0.013174267569027431,-0.016976607509755683,-0.004184257821072065,0.005213868809285044,0.0492557160852241,-0.04680357842034445,-0.0613133119083514,0.045151430976935705,-0.013319997716959131,-0.042081331770497915,
0.019481735489055775,0.008023765411411704,-0.009093055269611149,0.07060043902451135,0.015837188276203285,-0.05582675855581775,-0.1435249924787676,0.0900791264339658,0.0406545054550753,0.2053023245091666,
-0.013607233705633801,0.026270848461431618,0.044050119790257775,-0.0533791135724331,-0.07041391688412516,-0.005679634755721895,0.008680272749202456,-0.023625711622466402,-0.04853436135863131,-0.0013778205925933976,
-0.06754608472797351,-0.07418742218046431,0.04240944447098359,0.06705300886934883,0.019012460343189607,-0.022996264991633594,0.050496426130682684,0.01154756477937614,-0.05778925785518303,0.049317456856464284,
0.03960649801238082,0.027352551247247,4.09457648883889E-4,-0.04226732030004006,-0.06175059448478763,0.0027159503949951086,0.052587762489379644,-0.025718263392247056,-8.175365077151711E-4,-0.023287921499457864,
-0.0621805582722908,-0.004082198171277064,0.0031657732748235573,0.04788297330022571,0.026664114785011826,0.01571266641906137,0.011315321059160294,-0.027475396751226646,0.03940766368784185,0.01815585636142276,
0.02314893418417755,-0.03649378173026027,0.07233190719895198,-0.0595677919815186,0.03367660606581722,0.008132444885514345,0.01959710503273751,-0.09252757224804663,0.026810432414186798,-0.030483482459101496,
-0.05573523155008741,0.025977276441025595,-0.02195182418163169,0.037586381401662795,-0.11436488068428166,0.04511596018370576,-0.008321634280765463,-0.025674442928221897,0.021539524933383607,0.06447499743258266,
0.03695784154218333,-0.03656348689985921,-0.0010432743225040977,-0.03205291307926113,0.09231570596153008,-0.06513150605162675,0.029075783361231334,0.03139680470188321,0.005877172538593688,0.07472663497860782,
-0.06970747357880046,0.03676876768337121,-0.04291001014257445,-0.04254327420597889,-0.008964004625977316,-0.017891513421499358,0.02109110481441217,0.0022793772789152346,0.012176098615268078,0.009426696833852536,
0.022574463921897908,-0.04827761680034688,-0.04579164798885119,0.0040899782722870585,0.007289305513358815,-0.008871227231611638,-0.09200643565170673,0.04710347675795347,0.03600519629569634,-0.05276409280855522,
-0.019300046102023526,0.04949123986571126,-0.02619036675257782,-0.05575250455536216,0.049101405103925064,0.016666706759879954,0.03539711599172294,-0.03759950984282381,-0.030264801355681825,0.0029871907569108875,
0.023757758754579306,-0.001820701645402791,0.06790130433795408,-0.06261847187356526,0.03190199913689833,-9.042190753463385E-5,-0.061861730281010406,-0.011467363697155758,0.04271351362124174,0.055637897225570554,
-0.02072659384012221,-0.04867451277064259,0.0044986507045680305,-0.012701724915248359,0.018077219408626815,0.02784143548372205,0.025857191806984498,0.028133311949216852,-0.031709911205775244,0.014295338802087325,
-0.05288940410053253,-0.039382414191997984,0.06013349772650463,-0.037919917863536254,-0.014585617753318875,0.02136800551155357,-0.028617975177063576,0.02554056464623926,-0.0636258617096973,0.05179573239097783,
0.03883733327428746,-0.017884174652735577,-0.011797248797490516,0.013319040286644967,-0.04898737555187373,0.06308463369699643,0.0064650892773682475,-0.0067502509084455984,-0.006243671355092906,-0.07174308196441885,
-0.05647775661937661,-0.06298651917961118,0.032154120197611206,0.056235033508658036,-0.002262940156241628,-0.05778542443390288,-0.030802479732647388,0.018023938504124825,0.012727200971598795,0.033326932557588985,
-0.00711940089760271,0.02316508509691191,-0.020423251124553066,-0.020363703567834235,-0.03237364755048147,-0.033012135159279955,0.048014185721833566,0.017334905474548558,0.02698955869265201,0.015062524502336567,
0.022792560690066167,0.07002964738662076,0.004231828542586875,-0.007236757060131948,-0.013596866378092837,0.02816363090337152,0.02506618669387276,0.09805718628956218,0.045682029585328736,0.01823655964896813,
-0.001683687009783774,-0.007305987043970182,-0.03449372392642367,-0.008163120427894757,-0.022158378694647186,0.010434085885764253,0.020306946102510364,0.017811371120170033,-0.019606397126599992,0.07461228670819944,
0.0030601651918721025,2.781467226543974E-4,0.0010690691544798998,-0.0627851145441652,-0.014351779277174797,0.03183336105160575,-0.006407233586096572,-0.021100894651435453,-0.0010394566462607073,-0.09095966967096508,
-0.03408791457961771,-0.037036407473316955,-0.011352271501626817,-0.00831860241204509,0.0249046545107283,-0.002386352133989406,0.019554038065777705,-0.02276419657322047,0.03563274341723504,0.056097796744586,
0.051423865464416525,0.020673821965780503,0.036399220842565576,-0.04913783395547293,-0.04311897188226556,0.0030345547381541256,0.03700315240980804,-0.027071947794113167,0.07704198845599176,-0.043265481024706356,
-0.01657525379380274,-0.02555464746611537,-0.04866602460826719,-0.030783816924802095,-0.04605547891390979,0.008816295244600897,-0.013474292369595279,0.035909533904477535,-0.0431047358551936,0.14612887349974027,
-0.028733111585680222,0.09661611117653232,-0.04298772847016963,-0.011625204941180349,0.024341558415377537,-0.0018513358324263444,0.0798487863021538,-0.011761008402055328,-0.07847718659411614,-0.006557131535846611,
0.030902157786898567,-0.0013260333134603951,0.05691511594045404,-0.021473916202872055,-0.008463401540274659,0.016629595907174367,-0.10067415640213477,-0.08584338938736723,0.04503867345885506,-0.0396927770186474,
-0.00250365171732827,-0.05965258192122436,-0.015177713155260219,0.042694063569658734,0.06272796869315936,-1.9549506437522535E-4,-0.027352291630472404,0.003881920068470415,0.061795895832892314,0.09288555230931908,
0.02707153628740503,-0.01030740866029446,-0.021664520177396535,0.03475637088296419,-0.008004782547132898,-0.03640549628030247,0.04141378044155479,0.02185456909643594,0.02728713323689078,0.03882981508650812,
-0.025704922336326128,0.004317194145609416,-0.003081734804072789,0.016669649855956273,0.05237076680466978,0.07181024108540171,0.0610867408429349,-0.03979447177018862,0.020811592787659944,0.008823122947007503,
0.02762388082539823,-9.830396278635472E-4,-0.009685532886139337,-0.010609661245145553,0.03644797367395805,-0.06932082143092565,0.07344217575663621,5.346469714089691E-4,-0.011326419559187749,-0.11275132075931425,
-0.08718642558299974,0.05431833899985108,-0.02054254223957754,0.017675413874070758,-0.07011889178523859,-0.008924360824935407,-0.008539281675463856,0.02109403782423761,-0.047066764041130214,0.0327860184793158,
0.01917836712881083,-0.02546121566858881,-0.014403407199179256,0.016789715573167406,-0.04839420935149732,0.06263418828706901,-0.011427052513941233,0.0025469774518038155,0.08629703112080614,-0.08986021424941067,
0.05354270557029894,-0.02099062329168692,-0.0178778988655306,-0.02892827360072174,-0.018403541031783904,-0.04759567731308351,0.07943250135993914,0.0068108724014763694,-0.028969774296968814,0.00790316719448595,
0.07359043638534228,0.044645290033407815,-0.0712094938659129,0.004183785392262251,-0.05510170248006601,-0.00818857785994459,-0.01833371749393306,0.03197351861832563,0.03288321708777234,-0.0033006678444317847,
0.0246626105662352,-0.11337412994990158,-0.04810242427213263,-0.053346568739420855,-0.00261382118756473,0.039153628533099005,-0.00215474791673725,-0.07147248500111807,-0.03824728700240295,-0.03156296717757032,
-0.017259472267291156,-0.03496781231165255,0.024310786246448626,-1.2886815213375885E-4,0.027391575204320468,0.038564089208496834,0.016134781968211567,-0.043449741957873045,0.016416857231352094,-0.01185804351886005,
0.02064673524898689,0.0032796888764938872,-0.004540956175028259,-0.031041774104470416,-0.03668476007987435,-0.011108029873915402,-0.003625819114334491,-0.0510759402894562,-0.10666827278752813,0.03194997444643879,
-0.024059725958720295,-0.0029148336364728613,0.007836290682487632,-0.010771231360928333,-0.020656646012102844,-0.020960291231250844,0.009763779949733667,-0.010193445587274145,-0.03611199039212727,0.02629997020296894,
0.05859329917648594,-0.0421692075755485,0.016256228476136246,-0.02476361095107894,0.05699527320275474,-0.05403843962352668,0.06963524043450571,-0.0030718988680324437,0.04025087715022966,-0.0683296693746291,
-3.953454045503618E-4,0.02113350496792159,-0.014910718922847632,-0.02620102816545912,-0.0174589508535059,0.061194396545002305,0.026340307745734176,-0.03396536008569776,7.674699669500478E-4,-0.017369438947867497,
0.10961232792627644,-0.07341631355927974,-0.033465746407938306,-0.006315948702416348,0.002779612409341429,0.025642171459507333,-0.003057554392875293,-0.06571842287652413,-0.0661890970517151,-0.01788684594230743,
0.003227330690508485,-0.026152013177369784,-9.249498600197335E-4,-0.031067061473655535,0.015506438876334615,0.030578941474084055,-0.0047383666559595375,-0.008964733693063389,0.003980741282291927,-0.019719718727673117,
0.022568513365883027,-0.024141207501945292,0.05527523125539622,-0.0057905461998511735,-0.022488133880097422,0.011890838115281636,0.013505550866339859,-0.058651599825905634,0.008022003173576289,0.016346404078443916,
0.0015833995814785577,0.023727846809749445,-0.02717290699146463,-0.016042224461248176,0.0019530564190872795,0.04939781137366654,0.04783198591090565,-0.004754802943219862,0.02382367490404969,-0.00870908808882502,
0.05044974406395413,0.06160083318309689,-0.007121241497419337,-0.051526352870845796,-0.0990562406465108,0.0383812926918637,-0.032890457069500084,-0.00804360849005843,-0.028967519419989658,0.07971976318528849,
-0.02691150000211092,0.03264613736709046,-0.011983550987072756,0.023898082748370512,-9.619249649936926E-5,0.014315170161697683,-0.044111586251631564,0.014892240734200944,0.03400933528941323,-0.053599569404959434,
-0.049788592530048005,0.10957158302262344,-0.04429950806869746,-0.06609163185450392,-0.005311327097045493,-0.09327198796474047,0.13751225852154392,0.02234752145439353,0.017374874023072494,-0.008336040458546023,
0.051483738888679985,0.029568988372968986,-0.013485395065249704,0.08167492979809916,-0.015400865953419161,-0.031102117589975588,0.08440549470749513,0.03106225149184104,-0.007965354928164307,0.10324889640200836,
-0.015863950347555472,0.08904779889506081,0.03957963226937204,0.052360814631661395,0.004812598460220306,0.013830400381978346,0.04542622451629537,-0.002290445057678526,0.07906902273818682,-0.005960033062212624,
0.02317108361793249,-0.06690871278339051,0.08647715238995929,0.005723344138113237,0.021204081956652795,0.009551104940839383,0.009032517381683458,0.006976444578358293,-0.02235750702885049,0.043286549150122595,
0.008898880306839982,0.08255388393593754,-0.004544716992385842,0.05130792930335419,-0.044814298452470015,-0.04306534514291521,-0.03179966641498712,0.0634295130929939,0.010015566215565359,0.001854628280185449,
0.02638991832286279,-0.07769209930499309,-0.0847828112369949,-0.01839499596973559,-0.04218878882678786,-0.06174331305664497,0.0033104821321584457,-0.10568599556979308,0.05200408687911326,0.0057189284710537575,
0.015770497508527558,0.06913362362635452,0.028776012531951556,0.0018985484905099433,0.01648145644845358,0.01989133144330541,0.039556129814649954,0.009479005029683232,-0.07463415483201191,0.10455582791525862,
0.028007109971475284,0.01833389204177589,-0.001888577390440945,9.061827898586765E-4,0.030425479756047733,-0.03330320868942707,0.06760978010000389,0.012365692055925043,-0.027308664982108984,0.0684739301340057,
0.061087045613779,0.04964807623423676,0.008407873786903447,-0.02209537513186587,-0.011412721269946736,0.05690025721942733,0.005478399852380395,-0.04618403296243328,0.017946797509384226,-0.010045644479331779,
0.012930271291655603,-0.018608449755571955,-0.07234230817685142,0.017490208419034276,0.05394023741824514,-0.12016995765451961,0.014198380091646501,0.0010372737147519447,-0.006126128953674336,-0.11629628889249324,
0.005771385445523762,-0.04686981728418874,0.00430711533808892,0.04229529562297723,-0.003913238357860951,0.012025447651103825,0.005381673960281576,-9.974894688236093E-4,0.06445925570745988,0.029181220720500375,
-0.04327321155585869,0.013714918259508775,0.037710322639513856,-0.0289315958282234,-5.296927498653808E-4,-0.03611433199364795,0.013433405272525801,-0.0017598377918867918,0.011709648277076453,0.03023042430696828,
0.008927224626349095,-0.03397291231652653,-0.016782935024885558,0.08844887476019365,-0.029936006236715218,0.09162923585020571,-0.029795385660747794,-0.026871594573121493,-0.03802858746472195,-0.016940592145724426,
-0.003590773399816859,0.02649847194859398,-0.05570123331316877,-0.01083006933183272,0.034494546030295475,-0.0921842006766416,-0.007874843548206754,0.02159878858402674,0.021338079329537685,0.003196937722087529,
-0.058019545507875754,-0.040878746535730565,-0.04351063421927359,0.02199532970103469,0.022041865907664753,-0.03015315920784939,0.0420980464364643,-2.6746166302277533E-4,0.036724787723209404,-0.0263940964461185,
0.028361381956435738,-0.009191935558316275,-0.018497617569280932,-0.011919637017097267,-0.018123819115114147,0.024739800190071316,-0.018043119494103487,0.01785288521633366,-0.020789959972844232,-0.05096739196339305,
0.011399876297424708,-0.08821198728637476,-0.020308765663951938,-0.033090906437365064,0.0010688970613487402,-0.09074740302591996,0.03409091126467382,-0.010383944404353357,0.052131301818092377,0.01360199899648367,
0.006909416665387281,0.029666369634793733,-0.0011841244684459291,0.023964665701804288,0.022700239973283243,-0.001167479223551774,0.04443452017522736,-0.01517482185343287,-0.022771071191760337,0.006301086112008289,
0.06276729033354696,0.09169042052037572,0.09198544700846155,-0.08085861267123394,0.05436902852397767,-0.03804507172544345,-0.001313361761815635,-0.0616766904185692,0.05719526657692297,-0.022665526188243818,
0.008732187823169781,0.0741472607855587,0.00408728921902114,0.01082481813784275,9.80414821449319E-4,0.020598704142604965,0.013843925851788964,-0.034879721962235814,-0.004366916359223877,-0.0032096704616551073,
-0.11069919970157722,0.018306525274488172,0.038922280063476825,-0.03638126745152205,0.03450425978002455,-0.024519169452295927,0.05597818234594163,0.011817908105048163,-0.024055449001239005,-0.011989789534978734,
-0.019376741356145102,-0.01071516478353961,-0.022757633230152667,0.02239269965968688,-0.001356067212892549,-0.00570281529013469,0.00546581659687172,0.010262238887285037,0.03799158026183318,-0.008236058476349489,
0.03233128681054436,0.044458173156436846,-0.005636462089267959,-0.03578807854934848,0.025812192229465892,0.04824482980609308,-0.016463451146458485,0.07411195053370963,0.07482713910046772,-0.013962420064353482,
-0.022231994188267764,0.01685428827318279,0.05799243837237031,0.049817435326679295,0.08495592740163825,-0.004186130610728244,-0.023346942972146647,-0.0058701334316270445,-0.013889818304402796,-0.035936574285790064,
0.02753986406610223,0.04852171239286709,0.027759221819617964,-0.060809728619082806,0.014720067774688456,-0.017923198902629903,0.03567491918378473,-0.0025335872533319348,-0.024399616143710966,-0.10520382760498145,
0.005780772212921856,0.03835924071995163,-0.04714218804918139,-0.0031488417584936653,-0.02069537240111599,0.0026283209248138986,-0.07296416627485985,-0.02801252049645679,-0.03772209972664843,0.03008489427984264,
-0.0028407047532694875,0.03450950612270211,-0.0759558258645434,-0.09603199174864695,0.017506716370555463,-0.06848070903678197,-0.03521419861914943,0.042033273737152176,-0.03975571986711582,-0.0502695523537031,
0.04155488747862162,0.02814415713105748,-0.01346035073081096,0.07250448553469764,-0.0324466002788566,0.026688861665259463,-0.004595975823942822,-0.051496290990991116,-0.019987724328414697,0.048184264237468244,
0.0326098437473864,-9.236923768992186E-4,0.03423306551878474,0.06438321406761707,0.0940706761704552,-0.01653082679406234,-0.07781101356727263,0.03664565869421559,0.08698424699227805,-0.09258897359213152,
-0.08047819716439944,0.05105588766851445,0.03716407332579116,0.0748641015913292,-0.053778702170503734,-0.011314552835692776,-0.0037776603877967053,-0.05503969575067688,0.02855460234288923,-0.009397434668737357,
-0.10311293730308639,-0.019918958629614576,0.04414136298133082,0.06011180118365264,-9.433440626683917E-4,0.06219579062082327,-0.05220406405275413,-0.01004259429087278,-0.04574900822341638,0.09157296044449387,
-0.03151502375688789,0.009314398511743826,0.008455545862305534,-0.08009419217988455,-0.0607524639582444,0.03729567282627934,0.01921897355363878,0.01158845344933364,0.06077359009279346,-0.01273756552353592,
-0.04176650980191811,-0.005810557241280454,0.0791297846754058,-0.03771611689284225,-0.0074261620587081625,-0.012826047698457622,0.029216492691037564,-0.003492848659693708,0.007265191804601762,0.045473803428279065,
0.030857112970973342,0.0024788567379223705,0.14006131425869914,-0.0010943375256427558,-0.062182716795223275,-0.03824473959221591,-0.0081779178613691,-4.778978415282856E-4,0.05045322385485841,-0.047403379820567144,
0.034685459470686054,-0.0894689704956234,0.041309781425673896,-0.11546408774779156,-0.12905585902341968,-0.10077235972865344,0.02020804918295533,0.011098711302335362,-0.008150057707042866,0.02382011853149004,
0.007210900872478875,-0.06528145598248937,0.0478886550575448,0.030045925229489866,0.058183817895820514,-0.0978524500154973,0.04593702782239834,-0.025230335856614255,-0.05759160768282361,-0.04895835325663058,
-0.0581538113323359,0.006512774852039904,-0.03998219880501348,-0.002802070097889258,0.03922963638667052,-0.11603431883618684,-0.022076722296417585,0.07695876368952041,0.024197214260471767,-0.0538094871089893,
0.0598050369571953,0.08575334034604341,0.06290359095749437,-0.011535001306475789,0.0014425995517261142,-0.04371045690854621,0.013292590611121624,-0.008881188803538491,-0.05344082488781238,-0.016067872530811135,
0.03767118239689293,-0.05805433251443307,-0.03769777363735512,-0.05462201857321606,-0.016301817747679748,7.973634386097085E-4,0.0412128001307759,-0.07802272465328645,-0.08605419203199363,-0.018525126767307578,
0.04701435468007307,-0.0016635664672036644,0.03753841328141309,-0.004446879475558852,-0.0010170953520686602,0.013742246265664983,0.04047705213139055,-0.028733456921772187,0.008778064633924176,-0.02065514613739847,
0.0281249013936509,-0.027903201382203046,0.08634401916109993,0.026823926236326057,0.055786769077646035,-0.03014813487905825,-0.06338218272460804,0.021314914328454844,0.03151658070272708,-0.031051596998025274,
0.033836612445956746,0.05498496397658459,-0.011889263165824136,5.825624047261084E-4,-0.05345882837975114,-0.0015613266205452814,-0.0323786401978123,-0.03740826618415736,-0.010739614630170527,0.016242416777258475,
-0.018413967264967104,0.021737349062832822,-0.05231739887623407,-0.09001492045004317,-0.034866739229208035,-0.07286814541956302,0.028042941739523295,-0.03796141161078281,0.0258995668803808,-0.07569205806755111,
-0.03881997848681576,-0.004058112933293919,0.003070986025323543,0.02032683431221943,0.04298119110779802,0.011052311111580448,-0.012036430752878285,-0.022014094107607886,0.03836188450268373,0.02476062186467905,
0.051442904982794836,0.047695491113001684,-0.04756002365581992,-0.1094373927598831,0.04139315226751631,0.029332194207884816,0.0012320596731410802,-0.04552535753692292,-0.025713456095794982,0.05290421674491415,
0.04405369739677161,-0.03641707840884635,0.12810499856214544,-0.0108363584631169,-0.027946669436361135,-0.029275112104756806,-0.0023361448360041657,-0.012831475714669182,-0.01070084494512459,0.029725771547688924,
0.03866989630282506,-0.031480704083995906,-0.025286793788763796,-0.009359275919890322,0.06341997472042264,0.011736909622445018,-0.01325422411722509,0.027490055328701767,-0.015957189811869884,0.04093370013106721,
0.03558328569419376,-0.06531292003778902,-0.01884974821021915,-0.017089134364545747,0.10294025441726339,-0.008819859518020208,-0.030723310374391927,-0.005834356189670146,0.03699270222886766,-0.04771509358458543,
0.047645792592772816,0.0474795458720111,0.0371703488361106,-0.008735713235607474,0.0011029192251585532,-0.042656712330581235,0.04082900492751739,0.003695609682569889,0.010522063742564505,-0.037890510100097814,
0.09278207731656854,-0.009671283519795865,0.13683056386763612,-0.04877091445793487,-0.0698509585618843,-0.02299248299917107,0.031988844741811476,0.0013071124347431907,-0.06510881827773349,0.06267048065720347,
0.024926564833079746,-0.07122328257987001,0.01783543007479223,0.03156634444637943,0.016224710896918133,0.08620235534230598,-0.05065706259398332,0.09761544112448321,0.06697535404913489,-0.036424845446027594,
-0.06290247541395276,0.022236725070317338,-0.0028023352942086904,-0.023064916488135388,-0.013448355936651885,0.01402320567574848,0.027122798399262623,-7.974607506512611E-4,-0.057363621485407426,0.009696616600337379,
-0.011260731261885966,-0.015522224603589086,-0.041132217977976906,-0.007892517871754585,0.021009720062703147,0.060344906777213804,0.05832019220922804,0.02481885184799032,-6.34004648967038E-4,-0.010897545846344675,
-0.06487780715437044,-0.04249825624534131,0.01362769600816986,0.00753645132178572,0.033174273863577304,-0.033280991153818065,-0.09192606905510983,0.02452808719082787,0.10629664036997176,0.02463751128373831,
0.059112978745549834,-0.0025714285060701586,-0.024800413442206733,-0.007109830998439508,-0.05096660901212507,0.027947594821358435,-0.024139836677307045,0.02120192073460646,-0.032137499824492224,-0.03160693114761431,
0.037278908323330646,0.007922540071769048,0.046871998657345156,0.06923007882967856,0.09111991678133916,0.02825347743617492,-0.15991082920296137,-0.0756403864665953,-0.10295884002239977,-0.1795209135356456,
0.04348463875559765,-0.0550642759798781,0.032121421073325766,-0.04520200967808021,-0.0598100429959556,0.048460635802184245,-0.003591108721895199,-0.022894302520675903,0.07135367176472858,0.0010618203849215295,
0.029735355284460464,-0.12972949336103107,0.06036148577596985,-0.03819634138966028,-0.008151685483861644,-0.044150536587561434,-0.010640747168072113,-0.014823682494276125,0.06656981597671163,-0.0880261039301293,
0.012787081395426309,0.003233644265005075,-0.027862401859245756,0.03832000349824121,0.021778610235901313,0.016872320212764476,0.005431143670514849,-0.03286618062482039,-0.01774483345846289,0.0016066186577550496,
-0.0428159970377734,-0.15151084407590598,0.02007085764206497,-0.026393488356322558,0.005316290852406345,-0.02829899709581347,-0.04454774722615982,0.008195891132821917,0.06293763105105615,0.04591331298488384,
-0.0029387051531330408,3.753958774360542E-4,-0.05132728929534373,0.005475663728504066,8.946331246309051E-4,-0.019914948705045902,-0.024080444750263073,-0.059673466886206866,0.03341167778136181,-0.03615166246099545,
-0.03617496074280375,-0.031871310979489025,0.06734257637945625,-0.020456733633694976,0.017135543439382162,0.016408297299530732,-0.061529266132130854,-0.08065130565510073,-0.0018052100566265017,0.01699206298257104,
0.07397495226279738,0.05808665053339155,0.05171059472990651,-0.034768187317390294,-0.04891518430798313,0.02789077908924028,0.053366125395875465,-0.05619348146469671,0.05021777659190581,0.015014584209646003,
-0.10845205145281236,-0.051556624220507025,0.020109459303876333,-0.029144749194707723,0.046780667452086915,0.04123228790878981,-0.02841760788448499,-0.05238233708679602,0.0352613939523212,0.022222679544819567,
0.04024602232516129,-0.015346624453537256,0.0015984647792970346,0.06816234440648386,0.04096258289585982,0.013292853429348205,0.025401042885734592,0.028509781876816985,-0.02204581623251994,0.029685720752816676,
-0.28118579415496275,-0.005718089477725865,0.011452894654260996,-0.022446570530557996,0.0724183317550839,0.0053096299267023075,0.057180255216880166,-0.030230255395633156,-0.023435107689931615,0.04839475514555017,
0.02890641312016145,-0.016742414970714842,-0.06690591541901934,0.029570961927321733,-0.02273896949079334,-0.021842680454432918,0.01412129298397062,0.04644435946637506,-0.003900010739623744,0.04425846522947835,
-0.09845347995040486,-0.03654580581920595,0.028738270698809666,0.03308433373454751,0.02338839320009888,0.09286081798150916,-0.06309058663773347,-0.01522258059420633,0.027545738974405185,-0.007438704788930558,
0.056555093150483224,0.0263428460189468,0.0048697620458471496,0.016990302791790726,0.04863640123094777,0.06363103099168077,0.009938181037587219,0.009271310636345424,-0.08466657433653081,0.024911188306761655,
-0.036708594854862144,0.06333097434481422,0.01203015465696528,-0.037990031861667245,-0.05363157122360615,-0.04408046090890937,0.030939155950699425,-0.00922002520185919,-0.01944413750552406,-0.03846236909489457,
0.06667297950081721,0.07263250163773717,-0.03492655404586962,0.01709186111809064,0.09833511517318831,-0.017144069037237055,-0.020354238355780534,0.00943367492157877,-0.04800952493306357,0.01669554732267223,
0.010104071735347622,0.02250631989147906,0.01744497351780828,-0.009355161962784821,0.023051956456514186,0.007739365447392206,0.001149383964856332,-0.035534279298252106,0.028085872837444823,-0.002692192020031737,
0.041623964293882355,0.044781371869802473,-0.027589768201451207,-0.021597765999394402,0.06630089026472116,0.06240805940919964,-0.0034452197593291324,0.008284395155016566,-0.011330568576320126,0.013865107624374826,
0.026640747973468177,-0.014526485049790178,-0.0344245519976769,2.498522973648891E-4,0.07107339107214217,0.02565292553237027,0.005473504892342992,-0.05081783736556629,0.07386322608714464,-0.018991431649069936,
0.05598745847769252,0.01301032443493424,-0.009512761364755035,0.010573482127145963,0.06181886622020271,0.05486524018946579,-0.02857859890813976,0.056251727684380956,-0.077509700377237,0.029720203863241697,
0.01132050729415238,0.0032246542247837185,0.010130222862264629,-0.09291976485181393,0.02237087258945494,-0.0481683335576698,-0.041227024668695614,-0.015201497479348585,0.09713443952027415,-0.01635033454674936,
0.12771761469902757,0.15752906454973675,-0.04363861663194562,-0.03155361781945686,0.3101451006030481,0.014427577759995437,-0.14868364069650272,0.053898817768272586,0.03614351444552704,0.14014548444913294,
0.032538869598299984,0.071652739707188,0.022680802414387413,0.014194036335592863,0.020062478679591985,0.05400827417177096,0.02284048631804609,0.05278045510384208,0.02780265881398211,-0.012229642436253527,
0.040788518743755456,0.015246471096091785,0.078578443851908,0.06518429903614018,-0.04502914874724477,-0.029357759363215663,-0.06060900959737132,-0.050681271499312654,0.018837298977387503,0.12233697169893015,
-0.041595810273474525,-0.05605947264860659,-0.06491515266347324,-0.023792546078595996,-0.040829344590043816,-0.010430344080874652,0.07998321069688205,8.025675116502418E-5,-0.04532817602753556,0.023252501817616556,
-0.018122191889255866,0.09358116952311617,0.03592269470581963,-0.014868261595072318,-0.08143356208660336,-0.02546801621626556,-0.016957165478846237,-0.01911307866631429,-0.015988922657171868,0.005903374908543182,
0.04703582800917921,-0.03200962436401684,-0.06815031340592065,-0.018852324941995503,0.01351841947722161,-0.002803943758804173,0.04729199496128762,0.061528554068679055,0.02140798105395076,-0.005568644889447277,
-0.01028479578713744,0.042406751186913665,0.05827090650623556,0.0646170594946409,0.05309744732947076,0.009681736238753558,-0.007199459443418093,0.024273472502772505,-0.06701314143863533,0.05241384323928581,
0.05927610073369529,0.0366718613212881,0.08183997216191784,-0.002964212474102327,0.05447886976891251,0.004802253019526634,-0.024204229397245727,-0.028922033896344457,0.006344822728241973,0.06758305136130902,
-0.033480179496978506,-0.026467069343064496,-0.08611308012820165,-0.02178354578937339,0.017384874349077706,0.03191000410164226,0.007460848009406647,-0.030466991303169686,-0.03434412767357752,0.023533871584495044,
-0.04217548364453151,-0.014625655274891595,-0.05234847254681538,-0.021150638677207973,-0.06071396122851325,0.020703165101999675,-0.045639673356146285,-0.027441631591753446,0.03138272714193425,0.030773228486929722,
-0.021646603704392142,-0.027167547986295504,-0.03098377036961961,-0.0420888568714515,-0.04360358821557338,-0.06555294299513542,-0.061789586147563795,-0.007748106578982936,0.009605456243939723,0.0060961017870152,
0.06941871943867023,-0.010333899872730432,0.0407693364171587,-0.006403490407886284,0.009417479424298292,0.002401563014855354,-0.018926883229849555,0.08499749956011902,-0.0347022117137649,-0.0020259722035757036,
-0.032378517955078845,-0.04530048901275559,0.041968916476542106,-0.0015694922482626381,-0.03822849169130734,-0.0021226175118206347,-0.022127360740722923,0.013644617446773382,0.06397762280854372,-0.006013978739849707,
0.07661541287300865,-0.0918824981951559,-0.05580786361136662,0.011890955223790167,-0.04298048672948432,0.005288721265872269,-0.10255291795242,0.005930581103281729,-0.089724752538462,-0.011973617339949687,
-0.06817977540287606,0.00967797426610209,-0.032957413702138914,-0.015972721099647452,0.005840423975040396,-0.03691212758898176,-0.038972070389887405,0.02264208335560348,0.001097235163014649,0.04849411336661704,
0.0219457054202981,0.006071592541231848,-0.024175138976281773,-0.0509460639806706,-0.010287211738123006,0.007433158020515432,-0.004820913171992267,-6.210488160671206E-4,-0.07285232860653193,-0.07370822567576962,
-0.008783640367410972,-0.015364116125707476,-0.03724557884074861,0.0113636236492392,0.027750182609876745,-0.03445395599806932,-0.058287184941201116,0.030102224878250088,-0.04324035614189022,0.033176813122765735,
-0.01970019485659624,0.07232721116193715,-0.0967511403635608,0.09382291088969429,-0.021735527311442317,-0.06097837089558411,-0.0015414066341504406,0.07845640107664173,0.012549407710236599,-0.018357234778010503,
0.015095436174243929,0.014935648063013143,-0.010593171292466973,0.0102196560161519,0.017694733234775203,-0.024480173572562047,-0.047381443093943966,0.03379896072032215,0.014993408355142911,-0.019210705663294775,
-0.03962425872371969,-0.086371141404915,0.06384218225245482,0.052125682259653104,0.05213178306721431,-0.044715807487825436,0.010119117079603966,-0.05975330718155271,0.07356388322150145,0.03372416253520302,
-0.003615205477358764,-0.028847145971863743,0.006064904641065054,0.05357590434456001,0.016777000421118706,-0.0012721072185301508,-0.027930461364740988,0.0774449035690316,-0.04373419320149076,-0.12760390645716024,
0.035769532925383186,0.006131645300590082,-0.05780953833215527,-0.013773458674136624,0.015137523209106857,0.012802194464296974,-0.02857409043999409,0.04185669495691783,-0.04340779448628357,-0.0074240859669808925,
-0.04436065072490433,0.021881331445344744,0.010201373494211281,0.03131728453601388,0.13511827623801884,-0.049536165109890395,-0.11456474452026363,0.07477022152267628,-0.00787523676801785,0.11269906238188115,
-0.016068664674636128,0.046648179512402035,-0.003806019059167114,0.021163862826580743,-0.034735166906416585,-0.013206875214087081,0.03533142740121582,-2.456907277077647E-4,0.05908183017538662,-0.03259117770707577,
0.00493274983258651,-0.0764352265957162,-0.019530180876761876,-0.037164759731384694,-0.04585156324961594,-0.08056042198186807,0.06161808392358574,-0.018888307313466766,0.007924369263950114,-0.057825759443243085,
-0.0285800808065751,-9.933666531109814E-4,0.05059509257645457,-0.010548924769611587,-0.01399302019642421,-0.03977856952284393,0.03224280712303239,-0.04003574696555485,-0.005193452568574486,-0.029830642891285886,
-0.06410719133820926,0.07896709115778625,-0.06028518002090329,-0.020148569630975305,0.0282176181556014,-0.05208127032219816,0.06283756445498777,-0.01569440109217364,0.025355343017139317,-6.037470879442989E-4,
0.009616601843104679,0.057440541922738786,0.06076637258911406,-0.08284231880348658,-0.061019672722511464,-0.07547471192011757,-0.05265917106094658,0.061457746949713725,-0.0019924779661445666,0.06209508429379908,
0.04986585198876662,-0.03648418087104428,-0.008020061144723142,-0.042247359713563255,-0.0037868388157780417,-0.048803449596622486,-0.04870800076423455,0.04712334318619646,-0.0681296049090774,-0.04054163780673176,
-0.031132941135302673,0.021228783715397184,-0.009875437397945606,-0.028160252561294653,-0.001283795128983679,0.0225618336487275,0.014094844393975637,-0.09774544157734613,-0.028450749756052558,0.026352024040026758,
-0.048855726531074256,-0.068812585677082,-0.05206787480407779,-0.0328591340646159,0.05245735774547681,-6.514207051664986E-5,-0.018778972991490863,-0.06729785924633054,-0.03894036383298837,-0.04101891736315909,
-0.06292677999710206,0.034847537776918736,0.0037557735825614973,-0.04911289747119318,-0.029123479850171864,-0.09483345749824156,0.04424025520162953,0.03098964040000066,-0.020409357648775623,-0.013163601937978395,
-7.229885230668843E-4,0.014342312049127785,0.025171417867962276,-0.02401230115951608,-0.03947941855701185,0.08526399320550576,-0.04894427209690757,0.02004058860753874,0.04615656603784748,-0.013598873966450107,
0.016148667689387074,0.028687786938538413,-0.004187950655191554,0.12540787429905684,-0.03217014821175806,-0.014017918288366056,-0.06945216647133949,-0.07233875529115563,0.013647682886201206,0.08447164632536583,
-0.036090671750628994,0.03167112432601785,-0.09602819538397969,-0.019389063440307542,-0.0022453235182129747,-0.07748051068797501,-0.019504711103895307,0.07536090371812984,-0.0420101774633447,-0.019948609785124416,
0.008801819391208696,-0.0011299937240568194,-6.892637940104688E-4,-0.09154973171019952,0.01194938272369687,-0.0383748225963934,-0.054243351293683,-0.03596712738980213,0.01933206042772306,-0.0222953373304999,
0.03449671208352896,0.009011167350503902,-0.04881849760623305,-0.02679688706947843,-0.0013688027584981982,-0.04427451145267094,-0.01786219296733889,0.020296857872640458,-0.007416500689395165,-0.019798632998483313,
-0.03049068200550717,0.010872855912158152,0.018229034317819894,0.08834376676467717,0.02177976200072294,0.031078060960309326,0.01681152028183748,-0.011158444749416596,0.00989291588729523,-0.12387025393895137,
-0.010840469786600332,0.040534540271246665,-0.056478599849307046,-0.010852372650674104,0.04463963783748961,-0.041967416691584956,-0.023696783144511162,0.053312927955943355,-0.04229278715077915,0.07308008018693136,
0.004911420644334616,0.004338775429937579,-0.057763477313910495,0.0616997183384659,-0.025136113600472552,0.044911787801466874,-0.0025960476504936847,0.07343603556013716,-0.041405986907776256,-0.0025047465911460344,
0.011900461260921487,0.015880889368129765,-0.0479394615571861,0.023502642671310338,0.015651907542016917,-0.07346456469895486,-0.016444513572791187,0.03600946115177796,-0.029509062722626815,0.03060331948648373,
-0.09309790593305801,0.018211929331945594,0.0052988694466811525,-0.012458212203900849,-0.020418432785673405,0.06993487679511386,0.047838319439631995,-0.07655653546393773,0.017269340184194657,-0.01292930336121687,
0.022803459085834806,0.002946904565767935,-0.0031654731918077292,2.864965731489192E-4,0.03463279683765393,-0.058376753931641594,-0.0640470106193536,0.02223902951927194,8.097143263094175E-4,0.07634713666399329,
-0.0816347266103048,-0.03695285016952409,-0.019282243478536798,0.0026199180713551784,0.02219251624533616,0.02848227604712775,-0.01677604389323944,-0.018166165173986254,-0.04449785317793869,0.017479119021061442,
-0.019355360119045248,0.0027412967612375216,-0.0361151515073514,0.015212633227202135,0.07057380854041771,-0.007188194892620258,-0.042278570227831894,0.0056171863152782355,-0.00749037868987462,0.03416466263598176,
-0.028462614181231628,0.005609335607091402,0.05394013840078752,0.06661829585961869,-0.04912432410980627,-5.284281756946928E-4,0.1007650270026235,-0.042313609499423824,-0.047540643317706334,0.008941371022279614,
-0.013516764701888333,0.07284930871704208,0.01127030367541006,-0.026686164753831364,0.08344615361690813,0.007497339095139662,-0.027165816170057974,-0.028142046154890916,-0.04504663300441763,0.03059459165873123,
-0.054256692576038094,-0.014399313995623901,-0.00210770268710462,-0.0800398123106928,0.011349595222786921,-0.04683315184899132,-0.03857009732826538,-0.04035623857773427,-0.04830511930136711,0.03705923239399207,
-0.0022382977031613197,0.10077925134556179,0.013800174456989346,0.04853056770655186,0.028218032322260552,-0.006291751094075606,0.016885881233097345,0.03832827682543101,-0.05943111858693441,0.00587831600760356,
-0.03806785793513993,0.09272879472176071,0.017868938689562238,-0.010990117044613678,-0.007265327645406719,0.05878574643862131,-0.036243103396071945,0.03712893050167118,-0.0014035849335816081,0.04678754823081604,
-0.08665485456096736,0.11830336228203234,0.061391037799561544,0.046304094903389395,-0.06621249480096103,0.03194367281565354,-0.020398995528363353,-0.0024320256565192482,-0.06399673249718257,0.042876158070776736,
0.004818599788383178,-0.005751587335533286,-0.057145506031648266,0.01721677742154394,0.012424281732526138,-0.06932610699943459,-0.015736788575171832,-0.07400620067231022,-0.010163625017468918,0.14382356908191987,
0.030258546898752344,-0.006463561352426721,-0.03527860540090561,-0.07326420413764188,0.03586616393315098,-0.030525350519019695,0.08761004528732104,0.017169027844003676,-0.011872662919618832,0.030228012823020664,
-0.1173777053061442,0.050849455002180556,0.02889018618096889,-0.03438035299749249,0.03634007353148832,0.04250103216236853,-0.002653128053031722,0.11414653753463255,-0.012927860387805554,-0.09044259366636564,
0.0013108853099356636,0.03238534763036583,-0.061035796208467726,-0.008355857795644885,0.05725211988249816,-0.023896292540844365,-0.013272881965171018,0.005912074799475572,-0.04669980391901038,0.016593960036766515,
0.033164720493687454,0.036358928717288914,-0.10526171803411212,-0.09847250937348269,0.020560844355084974,0.03100386586676622,0.0401340017836508,0.003724216907444583,0.030653710377328513,-3.773732977811072E-4,
0.09149934324509433,0.026792430153398373,-0.0719536561696085,-0.03684137461851917,0.030168299409862636,-0.08769060409293764,-0.007650192005097938,0.03407231219419269,0.01214992763641159,0.08672027760454862,
-0.02967042118437288,0.012182030110554326,0.02926661966265894,-0.006833261180113479,0.047315962130370905,-0.018447979427566756,-0.027792480782205305,-0.07304786279682089,0.019436158419440977,0.07791979385530615,
0.021754831729062257,0.10822095369842458,-0.08410528200364817,0.007180691581416251,-0.013656669954161498,0.010446030003662286,0.06757142973287071,0.003241517743118635,0.034097002526577186,0.07812886511199763,
0.03747551143022548,0.07006354268812762,0.03673188426920915,-0.0357777139794028,0.01519706105428412,-0.09746790181811232,-0.0029854793992108494,0.015050041160315178,-0.11793852505841898,0.07021008822222188,
0.013688505628826531,-0.052855162445870754,-0.02457887138426763,-0.025837611180324155,0.011361149427146404,-0.011118917107279112,0.04434638416499556,0.005216405631842778,0.009234974441502402,0.02029078956427231,
-0.08397259325465004,0.04355383628392182,-0.05169327021912029,0.011985683254077955,0.004940473034986678,0.06729713282199351,-0.04996604379232134,0.09528718086116116,-0.04894169577534853,0.003966185436612859,
0.020492782727561963,0.00975392538511535,0.014354705524151306,0.010872836380365583,0.015010100420610168,-0.06373043371231413,0.026867350783600093,0.020112234669270514,-0.005324346179704522,0.011614966062941115,
-0.04234911008158981,-0.006582166427513756,0.07288469329933743,-0.03200744511290175,-0.011226328115365999,-0.05948292748058437,0.02837869954115558,0.04122614704685572,0.020730119954452685,-0.04548774658918015,
0.0030512809073819725,0.04086708679231105,-0.008371149093842851,0.03285756389003994,0.0025022091879239464,-0.06491636976301207,-0.03135262051134149,0.008195555461395458,-0.014012468097922389,0.012133023652313387,
-0.08359325288288753,-0.024035163600259393,0.025760743577232317,0.019891659143977686,0.012874329650181713,0.023020710355851712,0.021581749046717398,0.10925619496469001,-0.027555114760026502,-0.02986510482016794,
0.011699109473170415,0.023716451400803716,-0.04884443536624139,0.017955567642297218,0.018587869282834048,0.06225406862747852,-0.0016147894059643803,-0.005630902733557732,-0.00903680958845885,-0.02992331803773954,
0.02986816416440434,0.08512388036085378,0.08034489213393706,-0.07427033418707646,-0.0012329633900372173,-0.009886804392394212,-3.3066365007495364E-4,-0.006464275952356466,-0.03740080987223613,-0.053911958294078355,
0.024110712395816247,0.08593522364738022,0.038423948330965775,0.0054726802492019305,-0.03792513588221204,-0.01840263513705488,-0.025258283925199396,-0.0026811061457387114,-0.061831742846792895,-0.0036356159078163764,
0.010696614011295928,0.0947174746490853,0.04164561281458255,-0.022100327032910247,0.03371589536544623,-0.08723191486592582,-0.06735707817211983,0.016166196175119645,-0.0069238671570865384,-0.025919324138706352,
0.04580584816143059,-0.0293716470343576,-0.013459777782279164,-0.001606732261697872,-0.006542835618122455,-0.03225196391542116,0.004789721776876055,0.04305484605937179,0.007328298350085076,-0.04256056631748357,
0.08333370313137918,-0.06930596574576083,-0.07090831382328579,-0.053659721804947845,8.700420502876529E-4,0.006563903804537015,-0.01803337563401903,0.004887130713687438,-0.01559968691053321,0.01626144829970046,
-0.04045978752760298,-0.0013356993912386772,0.0035250198802028545,0.11554070458413446,-0.02906859319946858,0.052410568796145314,0.14247292614026022,0.027821189803878908,0.015200496518908951,0.044717860691545555,
0.004102093783464749,0.010776538964260307,-0.030022449296539556,-0.033307596309474066,0.021073714468451406,0.018633180447416683,0.024531788167981423,-0.05765840253061533,0.01309928661510813,0.05262524253940705,
-0.007464084618723718,-0.028296732813476784,0.03113656348807633,-0.08032427674971247,0.0501361933545612,-0.006817052622990977,0.09285312160259518,0.0014858914711501513,-0.01063402278576958,-0.008552250001385481,
-0.09406420923793396,-0.018313825272041315,-0.05136251937816179,-0.012726283740451172,0.03177705399866983,-0.03213284184587873,-0.047633151235344,0.05514457470148946,0.0037783438706002117,-0.09082087585207295,
-0.036157324867525945,0.049945531737432255,0.030944310971367385,-0.01081067698713451,-0.04494480675360035,-0.03819907410962952,0.09051589972461882,0.006546672504518311,-0.018435944391353345,0.019616953491758068,
0.0030496385364070728,-0.05362781936170131,0.07100616257456252,-0.07491334180518866,0.026102412247739747,-0.029545716512889765,0.05311032884111229,0.08143480814136235,0.013463417094576461,0.034857471768445995,
0.011148523909547906,-0.037434107368616236,-0.004158389865223856,0.06323886036457944,0.0066907243487796175,-0.04474349238234351,0.03217253507449063,-0.0019442845760178939,-0.014659167453574633,-0.01265344092343431,
0.035385450504145245,0.006019727357113955,0.01008119760792747,-0.011923217001038931,0.0014333174076782474,0.032557597438373276,-0.02429450087548555,0.04367347124140615,0.022341942495204384,-0.034576578347439574,
-0.01676282704869665,-0.05608851474391697,0.027284234409273866,0.06171997859631421,-0.02834410577743728,-0.0032692266107956667,0.029885991234917298,-0.0036103954653243986,-0.0037861749678174475,0.03680580122240245,
-0.026836043749190783,0.017603707421455898,-8.504328229015571E-4,-0.08149202801136354,-0.0028291853312654215,-0.03964472514866514,-0.02311240458921305,0.041645910132881804,-0.03735856882410811,-0.04765979688051543,
0.03283795497903647,0.03299395914042892,0.12141655327539358,0.056676864874449534,-0.0381462933440664,0.05488561329538808,0.039618127159965565,-0.017179624589588896,0.04833926332945286,-0.055182411448989985,
0.0847765815883295,0.010212311344252167,0.04569120483233428,0.06434695509019771,-0.06881749231159469,-0.07121002994892345,-0.08373972724960942,0.02497833268615701,-0.054683986081653944,-0.03936948245123182,
0.02766949801643671,0.03658619794412607,0.10770962812399418,0.01840710871640401,0.008667147838587007,-0.03432461084425288,0.024438481900970522,-0.029627976274711323,0.031731251251767775,0.05225524497052492,
-0.06009114970205359,-0.029251435563416337,0.06763026102440994,0.021524631848004922,0.006910640264123951,0.008059864148511498,-0.02109185669145797,-0.08412127050888954,-0.013683688896077005,-0.06665895614859463,
0.019119708508324635,-0.00968903902760769,0.03883757332781844,0.026888097618351953,0.03379845469907944,-0.025577655193117266,-0.020129328692323766,-0.010708079087828169,0.0038006809486914625,0.02949279193914298,
0.030466083543913235,0.05539595686720564,0.02563521165620628,0.02125635400526918,-0.08744168511669577,-0.01894846626909056,-3.54081892697806E-4,0.05113318442328644,-0.028647467488263724,0.04524591533666333,
0.003560001614119923,0.01433805806457977,0.018157306633270462,-0.024081270127039214,0.03003886553746237,0.09530074047578396,0.02192174944693567,-0.009917682483304255,-2.748561057750022E-4,-0.024058484273975674,
-0.07931990682764703,-0.016516613991483756,0.116736218807288,0.008030356284857577,0.011310500348168015,0.013945732013180834,-0.04353155850769925,0.0613009834294631,-0.005656939950529945,-0.06632578711819839,
-0.07393252859860591,-0.0026685059058448595,0.053456880229559536,-0.05160509969960176,-0.003041832544052711,0.0026855930640155884,-0.03460959358845798,0.05257320811493758,0.07602609095851956,-0.025506631938058386,
0.02506194978301055,0.01272279789804762,0.07169622132729457,0.025757104959783308,0.017236329478183633,-0.024164239803753526,0.009943444775457189,0.02778466187244084,0.00446902694488376,0.015468993430990483,
0.02641658300152355,-0.04066428762231551,-0.03653033355819208,0.04201662019332644,0.04034617056446652,0.021554945104184955,0.02129066769423447,-0.03427095624541081,0.04453792058747446,0.08749266091384521,
-0.04741820194824862,-0.01704574623675925,-0.06512989021036102,-0.04873183564922541,-0.06942409090197592,0.056772644404072696,0.072934715683812,-0.032424914719837106,-0.011983650208492595,0.056859615820422794,
0.003923827065019436,0.12071514319560402,0.061171027819462556,-0.0052618807008956514,0.008376536318237813,-0.04123960495855316,0.02096620383297595,-0.027184269151354048,0.026373035314253637,0.0022570868367914236,
0.02052217624584564,-0.036550066644699744,-0.04206845200828891,0.02181137493674061,-0.03819126862013126,0.058156698305995194,-0.005655337619413361,0.037424793241142576,-0.025062003925087707,-0.08701116350594358,
0.007341716639395917,0.02817608435848443,-0.0478572414366451,0.03172014389058976,0.017516411475456094,-1.0883803808924459E-4,0.04198133657210246,-0.026318798482303906,-0.058319292823740966,-0.07634284771063293,
0.07945543812885533,0.006356696977016767,0.024159194121425462,0.07165268255640121,0.0044061285106070155,0.02991030876218994,0.0260055765304464,-0.0078011666027408295,0.007760256841237774,-0.05330843042869724,
0.08398739508399848,0.022725154043353794,-0.021887992850392814,-0.12410926137924755,0.08153266565642665,-0.006940615376966253,-0.007309433797961293,0.03686192537263981,-0.03634936604684214,-0.006966962830586429,
0.07417641424441847,-0.02530976107076596,0.03291619907082764,-0.019362009024318363,0.025143554131344257,-0.010538937283385298,-0.01349960500810574,-0.003039751822402918,0.03581417439942747,-0.008018940810026265,
0.0359891373859074,-0.07073236357164697,0.02048976833838797,0.13580823722170227,-0.023248188245269422,-0.03727263286962483,-0.07717744099241368,-0.07110650681075693,0.032150222772359856,0.01798972980722595,
-0.06089697860538146,0.046431812605734514,-0.005144082202412253,-0.005367842364433938,-0.0021491410542757955,0.06124540929568265,-0.012505673291133522,-0.048789366063923104,0.02575651760159949,0.039779221697687675,
0.020352384257139977,-0.024439326913433597,-0.01723567642071071,0.0561561587104622,-0.00136590551514781,0.15465345382721554,0.03322217090037828,-0.06720209893387254,0.07725558008807436,0.05861636109820189,
0.07683559674811898,-0.023507445693926068,0.04453799716456876,0.059476937212586414,-0.038932239506462914,-0.02187723942430537,0.04477776756768067,-0.09105654950772002,-0.009435654855597728,0.04132373069199872,
0.0030608281552515883,0.04945976308984299,-7.702806060076165E-4,0.004652488986099517,-0.01620774258277128,0.0155373869550984,0.03112748546481944,-0.014207823533611705,0.10784189485172407,0.059955538054328364,
-0.005217741326591123,0.0863994777911909,-0.030341484141447505,-0.016829800363347882,-0.023282366093555242,-0.010895241451391669,0.03528900213581422,-3.780632715702822E-4,0.03350758834356757,0.06635561268995138,
-0.015933919967746284,-0.023859770890095028,-0.023843920058110257,0.0017200638386965646,0.0032628506270358953,-0.017392423505165868,0.007527024112624777,-0.006329029020939602,0.029777261339680793,0.03208672191230789,
-0.028185264585824443,0.013048111939623653,0.07030321380040408,-0.021488726233580748,0.06547504504691101,0.049180470969822025,-0.05272345525493997,0.05337142885116728,-0.028653785710521195,-0.007949591903248064,
-0.01244702494000923,-0.021742696557478635,-0.01651943601118891,-0.00850043773158579,0.02251669518791782,-0.0024857403711448975,-0.03155725635486341,0.006639618727753342,-0.01504565748507491,0.013699469479201027,
0.05669591782996896,-0.02532580739682552,-0.08067698979870566,-0.03557860454397638,-0.03763125433486564,0.022805583532043004,0.024031067556734655,0.0026146254004398603,0.06614440098036502,0.09883572588616402,
0.06756320089731825,-0.03573180510923278,0.03344205508464159,0.00874179343857934,-0.017939868684859937,0.11233004853577601,-0.042976943917317545,-0.06622847431669687,-0.0011859175207473986,-0.07506766707598456,
-0.005032634252218078,0.0021680522925944436,0.001434932076312742,-0.016072217582699094,-0.04359532034816844,-0.03563183125549417,0.007874906527693518,0.04209111706211055,0.05738474065403203,0.003660631243859263,
-0.05769887677644689,0.04983991128864544,0.05252976232259641,-0.01510954792878193,-0.03960047314731735,-0.09832990492581486,0.014893668206053161,0.07485860463796633,0.0036593740833219144,0.04472046209629383,
0.011356036776589097,0.003356263297425866,0.001351787478386528,0.04184466422623663,-0.08378153629684378,-0.013255271761444667,0.042466072892478744,0.0029617898793806675,0.010717969924982373,-0.04554229240120358,
-0.06374909643544274,0.04504322182055248,0.032956479997331194,-0.001412268635086979,-0.06891570621852156,-0.10708003368673982,0.01570775800119352,-0.009428413806622444,0.009384144323650418,-0.008327766445725025,
-0.04446056488497476,0.005568439255575113,0.04898586044249416,-0.015522208708448912,-0.047929951787837474,-0.0650687435375083,0.14352238040427756,-0.055711285982142394,-3.2734580452163523E-4,-0.003563305079929259,
-0.009827287553558443,-0.028009747510885297,-0.02992389254341174,-0.05852291645686576,0.035980847634448344,-0.03845185954364619,-0.07748745626173074,-0.11671324958287391,-0.018573540820608872,-0.02658717933670798,
0.007681065144645845,-0.014554133309272384,0.0536043038637495,-0.01006274724692995,-0.07511029182422803,-0.024919842424500408,0.10553027762304103,-0.04887397013867236,0.025641650762112722,-0.1038478039143505,
0.04960482340812316,0.035684492203954095,-0.010859691363529038,0.032607094293725186,-0.005451946418862816,-0.028995151359950344,-0.018185360709604432,-0.08899022919946299,0.01615831037863985,-0.024796860899881125,
-0.02563796392125207,-0.006983146749182701,0.00993612034114892,-0.02900786947432575,-0.16813347167526216,0.0643790351900235,0.13377735213125277,-0.10120975104200285,-0.041814729227797796,-0.20717883523448388,
-0.007836092842864175,0.046534469714641834,0.06667504925728902,-0.0485276406971024,0.0747379525018967,0.03308969955576359,0.03373566912629177,0.003960478711528536,-0.01178496292969005,0.05142947079308834,
0.01733496927291165,-0.04538853864499456,0.05510690424686852,0.033535727340412526,-0.10005126302613893,-0.039020818263940354,0.226938487358048,-0.2351394281328059,0.06860505569222103,-0.24507586063446118,
0.005197051913257753,0.03961815326010561,0.14968869485864972,0.013051158541709218,0.03201188053901767,-0.01193707951380143,-0.041975072466834844,0.026643716929447205,0.055127733499830994,0.028836210575526808,
0.03879548676353672,-0.05717543854639552,-5.298771266942446E-4,-0.07415769418875862,-0.04649055466997836,0.03045169738256851,0.004412677375351348,0.004448758063768471,-0.05388398456388514,0.03636551658728851,
0.08537911955962421,-0.0593664279345469,0.023501764497433998,0.014188614604009681,-0.04808797842988029,0.03857917015452424,0.01506570523621386,-9.043476505790117E-4,0.02924138643160836,0.020015074629633662,
-0.03486880171098703,0.006523094935490416,-0.01648572076484593,0.053904646107024744,0.019154453038647837,-0.04763273005331916,0.004729898489853211,-0.008151959230025978,0.013256458934718905,0.014032310564826898,
-0.06398011199507739,0.005204988127498836,-0.002925100137262384,-0.057681969213221565,-0.02399746569758978,0.018567530000114983,0.045857133540467006,0.01986715865599715,-0.012967391981661,-0.012104322886538578,
-0.020604110496830915,0.007065756173445969,5.139293750169915E-4,0.004297083543859115,-0.03229866397145956,-0.054113052730530554,0.0068216924483164455,-0.04486327298453874,-0.0019903035301369,0.034504846039351694,
-0.06789284753709884,0.02660924367756067,0.07097445793624216,-0.048310318709219556,-0.008635470299050563,0.00573243570247105,-0.05826618180150251,0.04499892611426635,-0.017271090742235463,-0.07313520614981078,
-0.0189698531562033,0.0252005839934914,0.012348724495890556,-0.0522059311467282,0.02315727277554832,-0.014567544952267817,0.03517243323750034,-0.048421552787050105,-0.11349051596187518,0.0343259393099548,
0.03174639362066949,-0.00606223536410335,-0.0356743970234371,-0.025800184468895336,-0.045430462187182594,-0.04818443285926226,0.0131650982154438,-0.032625436014483866,-0.0523027324937084,0.018791298404395675,
-0.028822335159485256,-0.01146974708782586,0.037138786580971785,0.0060194979793826596,0.02859452069555157,-0.02731546353275287,0.015066029634615438,-0.033769918847456545,0.03809652358206058,0.01205633461933242,
0.0895059814301989,-0.061564629716208664,-0.002610127660452699,-0.017499405655089617,-0.016381011705813624,-0.0011350620284421244,0.06486229906345635,-0.012111276195487485,0.03090991286675926,-0.010153992101408335,
0.02312957360629227,-0.033345648711412455,0.055939904150209045,0.02240710247299132,-0.010487821988403222,-0.03535910645893784,0.0032774510665434377,-0.045118873819300756,0.019325409676447063,-0.023649084621053005,
-0.06487808443117933,0.01880898038770203,-0.025628086035014198,-0.02340037183434521,0.017010114619575235,-0.005901695521536517,0.057609996860542086,-0.024424593464502885,0.02273255948204914,0.0037612106021487346,
0.013721884288024587,-0.06159276728138563,0.009125185216498034,0.034925560775696765,0.02224963925247282,-0.09537230586244998,-0.0016616336990912973,-0.010067715080757725,-0.02848478981734576,0.008033944126394238,
0.01413188072814847,-0.05961648330235289,-0.008058537836525777,-0.07275653805990422,0.08693505864376816,-0.01615014394146635,-0.0420984521031236,-0.02079159987009262,-0.09508847269988428,-0.011806091711905569,
0.03763250139438802,-0.015172147789723728,0.012103514839102726,0.01759921207337282,0.005545205282468029,-0.06715181564536102,0.01965627933643809,-2.0113067226733064E-4,0.011529165281801635,0.03723265505080456,
-0.009113275555476306,0.06094224313540464,-0.011585452919187457,0.057005414821931624,0.0879806845596237,0.0067597716415487225,0.03782503968190689,-0.03780353433356252,-0.011064221763341712,-0.01642845078217064,
0.019998658948462065,-0.05057615157302373,0.020030273752634723,1.9250781624113384E-4,0.03547679052257293,-0.04508544438556197,0.07125902482934798,-0.03587965891762904,0.0223164456236405,-0.04251044912833128,
-0.03568365016732287,0.02735169445594261,0.015503010557320444,-0.056583829675440504,-0.05393153085306008,-0.01426711464326546,0.03383329998237762,0.0013816620793760668,-0.027032416287701755,0.020530209996614125,
0.03482708589747515,0.00428594922385426,0.0036546100762881117,9.512988032268613E-4,0.010725599710913926,-9.686576282955466E-4,0.06897703286226424,0.0038458356802701216,0.06285025857709248,0.09453959296203412,
-0.004308170586804311,-0.03755976165297662,-0.03036406377194233,0.07388305093036751,-0.05255261722408897,0.02068857659694272,0.040243904750736206,0.09063068842644588,0.0697519864150007,-0.004861910029165815,
0.038042932168818475,-0.007973851311135583,-0.005480040655192678,2.1395874118785226E-4,0.05904519892033775,-0.08144907810748196,-0.005162983222066295,-0.04566154724426693,0.00799911951094352,0.10799587360067801,
0.02318046873661408,-9.583884246362435E-4,-0.02762638378246075,-0.04844208274101314,0.024061834286618046,-0.07360643530696621,0.042658095944423706,-0.08220858967973028,0.053907735230866824,0.013788123808161556,
-0.00804612369943751,-0.016237013055960283,0.005945422627969011,-0.03941846443444746,0.047962955594471786,-0.05176283397973366,-0.08132378836432337,0.018536918447718417,0.0031739546813468315,0.05876280201451329,
0.037804690709095666,8.039980587275323E-4,0.003878493819913545,0.00618319166248451,-0.007552934429357072,-0.02731434625186959,0.046406169661934116,-0.006808798311166904,-0.01345000689045044,-0.048756025905427,
0.01915260615577154,-0.06039442068646186,0.06646699349674258,-0.03892577036588964,0.05294637450638693,-0.028915658161244927,-0.01947534375774154,0.04778518481776415,0.07623068486977753,0.0025900728183572523,
-0.048608732598985196,0.003398104374579335,-5.473734067976794E-4,-0.020282630212687794,0.0660751612056285,-0.06382187672651926,0.0034275693822838254,0.0903648428337913,-0.039397048471032585,-0.05958194511633948,
0.006234308460527942,0.03079787346039282,0.029357474375319503,-0.09188777585544407,-0.010513038363204844,-0.014785847857144629,0.11548094338744423,0.02397664737813104,-0.03500821906814596,0.024936025861161056,
-0.03472722360886036,0.0014490994286330023,0.0527970241654639,0.003858953928023973,0.05891330142501514,-0.034573863935731065,0.07294162389867787,-0.004297125972201928,-0.03089732448155996,0.02710395650982598,
-0.03149101528097349,0.00900020309882333,-0.025647432586232997,0.01821461017967015,-0.03609537316450162,-0.09680792705900244,-0.020704106666178102,0.061852697128576675,0.013997888203657173,-0.021511161806951264,
-0.016706316189638287,0.036245257364045026,0.02429064909445913,0.00904784673012465,-0.0027987424359353402,-0.05639300513407603,-0.012324208597810304,-0.07681405828648083,-0.03444636483376669,0.07144737611855559,
0.06696318244250926,0.011060307858895295,0.005305563900895595,-0.02531220947046737,-0.06686226074793682,0.09491596897783408,-0.04500317973473138,0.03964988207463175,0.00326624081651994,0.07243560494731104,
0.012303989975264095,-0.002470925934417049,-0.0682948966397325,-0.011807000441227579,0.03766712656306214,0.032068155880016234,0.05268939814979182,-0.004955322016011824,-0.04626171331376127,-0.07484811913219644,
0.09477836816580518,0.05597938431451032,0.10632188377529461,0.04385182072732137,-0.03398662490678947,0.019309080908197395,0.0560813340238999,-0.026156501239700394,-0.03946301495746902,-0.02763351586817406,
-0.06729529841354265,0.04625615936865745,0.009151537903094573,-0.03121798073879084,0.06487831911687224,-0.01315728991495102,-0.061847431103723406,-0.09522898645903596,-0.02728997940456468,0.0148200006269523,
-0.046860479901310266,0.10704960098424114,0.019823869922739806,0.005288362250728643,0.00569331497376978,-0.013718940565087184,0.006199133342915207,-0.04596394487898766,-0.006091436941145943,0.07052737351905689,
0.06067237050859734,0.0029289221202954438,-0.07990312607680815,0.08194341330559758,0.07741849102635269,0.10848764267536985,-0.001675224030176018,0.028887470438130513,0.011737011180718898,-0.1001420664282731,
-5.818247013849645E-4,-0.04954077857964193,0.021717429643219915,-0.0510665553109606,0.021933390089772128,-0.007383734850736218,0.017924090733361462,-0.0122454204478453,0.020071624116445825,0.02325858767529286,
0.019652665218060885,-0.013605955520716684,0.0015310374658300374,0.0516030838239536,-0.010407875052605844,0.0328736365180539,-0.03299992169877213,0.08571276178614974,0.0830788461358935,-0.0765807358711317,
0.03204236805116852,-0.07493203696702451,-0.014642230693486472,-0.04764054193838167,0.0271991346954944,0.0018628914834158809,-0.020099714408601515,0.011334894231162565,-0.0029998893192999024,0.07513892534843022,
-0.013785862159273696,-0.08831958342465335,0.014502815456074875,0.05454318358060945,-0.011009086839668432,-0.01436591535704829,-0.013855993607607645,0.01907901830457341,0.02805525948760161,0.0653557439200393,
0.01751237909722077,-0.01654863481436334,-0.021067798662904823,-0.038295211302797096,0.01617658731966693,0.03320450308505224,0.027643381560128095,-7.890531746270915E-4,-0.03381313901983543,0.08523182447145074,
-0.042162160993232035,0.02042721042731806,-0.016434206616110426,-0.046363933779514914,-0.004927964368796945,0.06019628884226899,0.0395487686461823,-0.01823050174164726,-0.007824185506287598,-6.073489171021056E-4,
-0.024288747235957187,0.05153930871543178,-0.04174816539625009,-0.028059219382116793,0.04981849208952035,-0.0586933162862214,-0.02583545715738511,0.019272341558908754,-0.06803918870700086,-0.013832756968574828,
6.576380367284373E-4,-0.06184377739537012,-0.007103217107641048,-0.018878900751748712,0.03514460703959881,0.006496019814632841,-0.004470135368252081,-0.045591079889931274,0.007942433413724331,-0.06971201295737588,
-0.09050888430174248,-0.011196221938572946,-0.0111790763588591,0.04695105021416652,-0.027316008654246444,0.0299922554526921,-0.07129657469792013,0.025147564002124142,0.003977260543247014,0.061002284329928845,
0.04992582605807031,-0.05849512762192907,0.039876346455057964,-0.018104772272281494,0.05220524517499917,0.027815109041678332,0.03279986073119824,-0.025899840564970276,0.05520565698205482,0.04218373408717561,
0.04371739732151732,0.0160751371154832,-0.005220838557752729,0.019734412533012592,0.011419637509719234,-0.12312831343305,-0.017632475033496433,0.011813254212120103,-0.0035399843329535934,0.04721331911684125,
-0.07692641555262494,-0.06678064399228964,0.024180418278179235,0.11675393007107622,-0.007236562188061756,-0.04155867978785685,-0.06082271801129183,-0.031481740859682715,0.016106141092958142,0.016853582411289657,
-0.027558609654870003,0.03931352420001054,-0.009970381542177652,-0.019287906326192324,-0.014558336853125164,0.06414747310327407,0.014058961685732516,0.10359088027462258,0.02501423348077912,0.06524671860872581,
-0.004529717469127973,0.010460685156700723,-0.008949029939094962,-0.0018361902798198484,-0.058559150467540524,0.05792884610867687,0.022179690634938017,0.09837563916381295,0.09116369169077493,0.02072385024461989,
0.04315513709506672,-0.03347710784447702,-0.014198877946139181,0.03168319380269992,-0.018378640267874044,0.03038310632896578,-0.037892062121505615,-0.001534493605148749,-0.014047332945355576,-0.04793025349953731,
0.0029726083827336216,-0.015445323987605985,0.043570737181675284,-0.03542915212641165,0.11068468715905962,0.05682247511614771,2.518943627067263E-4,-0.020971400580015495,0.011586352176879871,-0.016326643974493373,
-0.08955891928198048,-0.0085585228887583,-0.04298251840491833,-0.06963230815746528,-0.027205700243435892,-0.006904904137203742,-0.019965944471889586,0.005287710886722051,0.031066022419889205,0.02931178357121712,
-0.01778495913954652,0.03210138619753014,0.10969280255452858,1.3652794911081308E-4,-0.022225258667360706,0.04748249128665915,-0.039077303846676806,-0.04201649186790664,-0.048644041136937426,0.0743424080710618,
-0.00717056824272473,0.017171288764613202,0.016737713430664714,-0.06948776306628458,0.025874492859354874,-0.0685172774889284,-0.004809299136684704,-0.008481041676663888,0.06769301219129577,0.005680186007862031,
-0.026359428451163944,-0.08803035823655969,-0.030021281813408896,-0.05515915947378811,-0.022343129600483114,-0.07693344473534647,0.06046990561655581,0.007559020583974698,0.043482126205305255,-7.840384188942618E-4,
0.031475858633397594,-0.06385572813746339,-0.021635889076011047,-0.014498414476147069,-0.003305376696341544,-0.013131341206645811,-0.037045376132124753,-0.02789426194522434,0.023386759301909456,0.052461752675682746,
-0.08182397372213698,-0.07302150655493973,-0.04460301046743233,0.021007403542823672,0.06788799930764572,-0.08528431600324503,-0.10171478485187797,0.05956426614923308,-0.018638980112037903,0.04429271889121407,
0.007217010472492342,-0.07461102829006197,-0.04057652250055757,-0.014843408957798739,0.03062023278974673,0.024266918925004183,0.012239958462453064,-0.018701235752312913,-0.04052520811580661,0.03706885983543596,
-0.03633522463990197,-0.013558256567855543,-0.04783765546810132,0.052047213596312605,-0.05851896220466557,0.05402535958813897,0.054366055003941,-0.04161355667514316,-0.039848777945455896,0.08865363880965897,
0.012352048051572712,-0.08965941201601237,-0.020986754234939134,-0.053424214727511306,0.008639203919972725,0.06660695638603818,0.06101351904424314,-0.0013727322009980728,-0.023818499782903024,-0.030111884203877254,
0.0638161881341002,-0.08251843097436076,0.04499603478930395,0.012897573923773482,0.024239034516086656,-0.04875353144649574,-0.08664825584779251,5.177278818740517E-4,0.07224613051458345,-0.0280894698939523,
-0.03145488012732685,-0.04098216108510917,-0.008003683325939023,-0.07032835972056926,-0.027915927770226542,0.03473844841650522,-0.024647084122823265,-0.01131344702035039,-0.009030689253594673,-0.04781787975853187,
0.01375292106024808,0.028258379801430696,0.002752414948726515,0.006698214086120843,-0.060657463368842784,0.07574952684936934,0.06973991532597122,-0.026213186282934488,-0.04433471695098159,-0.048807670580679134,
-0.048737733688024414,-0.00930635717655083,-1.5888748264586107E-4,-0.007544383359766149,0.09610674938210681,-0.07252832284071513,-0.023591982249591952,-0.011464553233808837,-0.013185424445436533,0.022392719835599567,
0.0039747086213508176,-0.022589652544890166,-0.049880375545858245,0.015240316885771437,0.04615259782729928,0.06163750701705727,-0.042314959768857956,-0.05134992681345041,-0.06725650328736837,0.005646757978090258,
-0.028408770158420023,0.04549916644372285,0.0743962717772485,-0.02637470577325802,-0.020285874709446663,0.012488764580103616,0.029533545431601558,0.0651058751739166,0.038727785344266484,-0.08388927191818214,
0.041529283096959184,-0.03922587994412768,0.03974467568746857,-0.025508632352787615,0.050716796682483405,0.009827624606870021,0.03426175699540614,0.06174062495982452,-0.039987474957926976,0.06059864041372426,
0.011809629376421604,-0.04650346420863303,-0.02145414471184711,-0.07091509242639427,-0.016984188005504074,0.021222797685696574,-0.05739283307949236,0.018874435504475907,0.04508495887258854,0.033638219607497986,
0.006450517659432562,-0.0207465213169308,-0.005731332902176896,0.04490871650929246,-0.01575511581488998,-0.002757124770448234,-0.09155212223230719,-0.04187021490059377,-0.07437716094056185,-0.03382439467032429,
0.08902260309537156,0.02803739738768437,0.060482403170379374,0.017743947637670683,0.0018396826458916985,-0.0024189967465746845,-0.019816642860953228,-0.02979997889294052,-0.07127453517985032,0.04046415163165415,
-0.02842217551233746,-0.03263530610209943,-0.03777390205683608,-0.02224185186372885,0.011397639512355884,0.11343622296459983,-0.04253493204070951,-0.0818886371064079,-0.014319451136596018,-0.03372661828402256,
0.035797011606135395,3.2894748898435106E-4,-0.0034864630576171684,-0.06438175537127254,0.0393647801305081,0.03774669181802936,0.028948820194721277,-0.021465779408469006,-0.02428114700817929,0.021816930720444647,
0.04629961276372858,0.021147714639737133,-0.025185907632935607,-0.011749498294142907,-0.06175811617273734,0.0588758951269195,0.009168822124341546,-0.09350725163527025,-0.032212469992078524,0.0027266388053785564,
0.024843631500817084,-0.06317332131583922,0.006796131637132001,8.421846737178657E-4,0.013605546788351667,-0.02168505611071498,0.07050382720617389,0.013434194058367755,0.012161782460964336,-0.03259529128302579,
-0.10019528873928078,0.005511175175523427,0.0284443658547969,-0.004920948781219655,-0.03799798971124461,0.044573401481500935,-0.0928621134296618,-0.006033234259055886,-0.04826288736497143,-7.532771280216272E-4,
-0.028435257939531913,-0.0264140535681874,-0.028342758275195137,-0.0033840195263690736,-0.06626949218952613,-0.06861689839231451,0.049524378098499966,0.02813274442289646,-0.021583218314273112,0.05335583565767332,
0.06732898066436807,-0.01990573169707898,-0.05049469609828239,-0.014127018991294408,-0.05469337145483792,0.004167265952420654,-0.04315056838124848,0.09280641765878435,0.007552411751016779,0.022223921847329433,
0.01356063364122395,-0.0022333763140221577,-0.11468286046686764,-0.05875931897400321,-0.009688081940970036,-0.005324540483481961,0.022878010470398797,-0.02335186106865732,-0.07789773568270994,0.006774462217090985,
-0.026231190754301456,-0.0013216800908504307,-0.010497569285712674,0.03265547448270577,0.006359893284318346,-0.01432541745940119,-0.05849351498137243,0.05549353510303598,0.046048187863199745,-0.02805770708612467,
0.06309086409622669,0.02622113942746865,-0.12100537073531813,-0.03965752167280108,-0.006748703285874431,0.042326544714027046,-0.009241028250100846,0.04090231091792864,-0.0532758150110706,-0.024473004023148563,
-0.03950382735476347,-0.050278608726907884,-0.05898767978114758,-0.05682553810144326,0.10226478786242746,-0.044917392172902776,0.006701707904262444,-0.01490772828653039,-0.09100257894298527,-0.028781618674932924,
0.009019841415228515,-0.07054087388558235,-0.03646580428044502,-0.030047218618215955,0.0128253507714499,0.018093095452955975,0.029482424992705106,0.037908612671190015,0.01255983362175098,-0.015485638744145405,
-0.006852595691294776,-0.07667709262165581,-0.03575564909965693,0.0011567621475969212,0.07175461976957552,0.019427035875213713,-0.02103906602247139,-0.002409327017589376,-0.05428618372624691,0.04319610200565435,
0.005894508290630832,0.08140745634308541,-0.010513930502881363,-0.02465495917962205,-0.04359490780891024,-0.04965480238980228,-0.013741480689258491,0.012635975439052212,0.0021138135820698315,0.03872808293456482,
-0.008170920235176089,0.05362672105846274,0.01461314935264564,-0.056180035494939974,-0.007854409065502844,0.016767955245118153,-0.033069703445987704,-0.10528846229032432,0.05908654817910891,-0.028763012964368794,
-0.014645198083034272,-0.02540971845312692,-0.02180710667086995,-0.015066538319535609,0.051240692764256725,-0.044323956930514594,-0.04324961912512344,0.05200044644881778,0.022199022606242135,-0.021320667182291426,
-0.06697766568452007,0.0689472186459583,-0.0831749869140812,0.0438901368421614,0.0893157290316466,5.253142124284373E-4,-0.016579284673742,-0.046509655096565614,0.009113451987273575,-0.023808585899309516,
0.07411109822571448,0.022034192871845517,0.021463588214396125,-0.11843576092551092,-0.04749490538196539,0.05456630141514294,-0.038696087663149144,-0.07187460686198675,0.018854569416327703,-0.007937219956698244,
-0.04533288332886432,0.02673425213462167,-0.06518510220470289,-0.018750138474099544,0.010085084895544836,0.025464257751256887,-0.01151582242580021,0.055685626605888765,-0.035392602470056815,0.008376890024629165,
-0.05154705180626715,0.009261092513004679,0.01974310782131275,-0.007586727182793348,-0.001324295494052077,-0.014676210842745629,0.020262443865568792,0.009035342355707918,-0.018757076171980226,-0.060895007082627246,
0.024232253110414628,-0.001196073108295322,-0.008236146445306505,0.01646099369313932,-0.03494298481579625,0.05546349615511325,-0.033131275205827385,-0.06133420876208854,0.009455569601320253,0.021614336924512135,
0.006116378577349068,0.004493104291109916,-0.028494447736329427,0.05452309506484037,-0.022044486724992055,0.08988799979444974,-0.03727076414240054,0.057866040601064775,0.0021044346417591624,-0.019193889223819448,
-0.002911776159851886,0.06517139431692201,-0.03295913187678541,0.0102442653541296,-0.060792541066600495,-0.01014836588973172,0.030339419705432535,0.005246636579603908,8.478109493443932E-4,-0.06070250755060988,
-0.01647295221962715,-0.04563765594906312,-0.0478975955576618,-0.048084371917320325,-0.012121210450298918,-0.05957688243120693,-0.04943287393598809,0.03160459100235575,-0.01558685847088416,0.06611409844428309,
-0.009549578902406212,0.01609558035943047,-0.029479958095873927,-0.0191144022099781,0.04277073640337246,0.06324474344248371,0.01916447103778642,-0.03549026039022574,0.05212175729441748,0.1222883925860302,
4.7345249786964576E-4,-4.187932941776701E-4,-0.01104613307187625,0.029154215738229218,-0.0025762045688429345,0.004921094505695675,-0.03537684290688693,-0.006910542289851478,-0.024763272181434724,-0.045852791154038085,
0.010471537901926292,-0.019508772692684657,-0.10308939520310667,0.06425111530821924,3.4478216438511324E-4,-0.00233211805294959,0.004080688393034732,0.022178021013818213,0.06654957329536043,0.06015303925102408,
0.09862678489790035,-0.004386687145562873,0.07468506177656478,-0.1225289117008358,0.006460939737614493,0.05150094234921534,-0.04258522045045341,-0.12182442064175875,-0.12159410233232355,-0.16451335572686515,
-0.05290878909602949,-0.023829257504384027,0.04940250203621819,-0.019383928145847294,-0.010124918223676522,-0.03303199244537526,-0.09296662866992521,-9.089308445151253E-4,-0.09477568696064202,0.05022020702031665,
0.06286683826829334,-0.0797861011261749,0.07345406347364042,-0.05049434749697237,0.03752680855095992,-0.02737492522775684,-0.08126710104263309,0.01265714059952596,-0.048712596796245275,0.011005559423488754,
-0.09312722401713532,-0.1072211049851149,-0.0016657283647312845,-0.0238617348514383,0.0348521853849106,0.0056688838606654725,0.016069372704439953,0.04312328824951635,-0.01498229943354876,-0.005547786992258444,
0.049697396361768724,-0.11517626514197338,0.073951786254796,-0.07057339777187537,-0.0036002658098246523,-0.0416857005574678,0.036163289701324985,0.025611481727948086,0.010101966628192554,0.0170894835734035,
0.013988015260902606,0.03454191021674346,-0.020888309098740385,0.021240640605191496,-0.031574824590779205,-0.04188716012770338,0.07063457235203026,-0.04971608708647508,0.02879874284636899,-0.005193101338352436,
0.00241165556298206,-0.07225096214658444,0.09960271449537081,-0.1051702611115535,-0.01958410125509983,0.01552307301903414,0.025546381804460436,-0.030229450969212944,0.04208970709277455,-0.02536110892848168,
-0.0152928165544515,-0.05511669582210103,-0.03968534756892371,-0.02514663250973505,-0.08741673571396054,0.06291404425598404,0.031467560971780745,0.08850063225268043,0.00994295711075863,0.007704641094106468,
-0.0575806555992439,0.07001021040502109,0.045408453453693404,-0.1287132545206698,-0.03446689786834228,-0.0633972363888446,-0.007631292155111902,0.002368394486356109,0.058285612842582706,-0.024618525760019296,
-0.08271004198001822,0.0010239173117266745,-0.011630843694951104,0.044450341406864415,0.011462573197303675,0.05324886383432929,0.015409717975720164,0.018276402098060446,-0.07289498804913677,-0.04519333618397238,
-0.003488318969360788,0.015137379177037606,0.0816699931098813,-0.1178702350435182,0.02390026575168215,0.010539434778468571,0.05739419696876418,0.06932459264624038,-0.006325441167079934,-0.018369912149712692,
-0.04710334037919677,0.036136816610009226,-0.03466341586866294,-0.0032567732016869026,0.028879289870062764,-0.006588214936821189,0.026790259265662395,0.028657775577802802,0.020298050271194336,-0.01005989263999097,
0.06817712850078825,-0.02347817750235915,0.02842042223372799,0.087281985771915,0.0511833103272451,-0.10515211516684583,0.012639175283935928,-0.03588796393897681,-0.01103478618186459,-0.023269529344369478,
0.07697613141302827,-0.012496797540108006,-0.02430854867128546,0.05591393935595327,0.05171249510968703,-0.016124570373217365,0.05587357908539929,-0.024796933147543023,0.12393217471358234,-0.034748522048900866,
-0.03178090949619787,-5.692455955729332E-4,-0.03476577034860904,-0.028198974277320776,0.0028500712803841226,0.03313044461386401,-0.06411541604112918,0.012312509869593823,0.0430274166682443,-9.46232843378716E-6,
1.1779055696003757E-4,0.060029546287565114,-0.031612259637244705,-0.0041821479376647624,0.0023118071855293748,-0.02495018617952479,-0.01078730029644215,-0.030389855526601253,-0.009017626140503334,-0.016023226373540606,
-0.10192164299430186,-0.08706856587879828,-0.04097900311356426,-0.05741192935856553,-0.06156361907501179,0.03755820647745129,-0.002714200810551956,-0.0614939680194251,-0.09338046017779048,-0.05959947650048005,
-0.03398528601999868,0.026594776509584826,-0.017423973894118032,-0.0054194896427435645,-0.08896717497321882,-0.004425208572543027,0.027321957866670576,-3.4746188581908304E-5,0.05277344225870206,-5.294620113594827E-4,
0.04679325280178792,0.03335784545562384,0.027176690065293347,-0.07749218738260691,0.06550381414697762,-9.57769658237299E-4,0.04523051472003749,-0.005849254537221893,-0.08713212939191568,0.023445998081944284,
-0.08049277056728578,-0.027277908560369064,0.0013930739250414784,0.022511709741919773,-0.08281948562546416,-0.023944648369250195,-0.056406776664596425,-0.04198100218714622,0.023686448034810518,0.004392410844043752,
-0.0487364370944707,0.04312332988984999,-0.03481855705252084,0.0874809380598402,-0.032631464013200384,0.016183676220462125,0.028728857846080858,-0.04625174522208543,-0.10709060003619689,0.024370503793957967,
-0.04210600748976862,0.048963461794273876,-0.00633355024063323,0.01926899323360269,-0.0964752517627528,-0.01402762176498056,0.04425388484976632,0.014579479286897259,-0.00450851214755549,0.002479177957104355,
0.06587545872926909,-0.022944657175333918,-0.004813082391992363,0.11566315225585959,-0.06311755630037719,-0.025828117901596902,0.034345346206842584,-0.04828710069231359,0.013487479521344608,0.02651993273230819,
0.06479859248429885,-0.09192028096089445,-0.030903207885725793,0.027091166598687495,-0.14677170495440744,-0.013535645889091097,0.0606131704221207,-0.0028143102639865423,-0.03830303549855912,-0.06527498817737636,
0.06460797751318209,-0.059780167534230405,-0.03483530277878785,-0.0368445114722829,0.020874954155733403,-0.029610119591495204,0.06118334683465453,0.043327392210562456,0.043495162350793794,0.01822450337549401,
-0.0761505304271301,0.023043185320373517,0.06510271110196687,-0.03417241567412345,0.03968006095890227,-0.08509638358155087,0.025924786212400516,0.09443811106777177,-0.036647348226382354,-0.011320160908606554,
0.10508762906673721,0.06462887647163897,-0.051611657495720935,-0.047267637767116864,0.07652851095142929,-0.02929305586475149,-0.07387153549764909,0.004625343614172672,0.0205699722663267,0.03949737804723801,
0.0660899059707261,0.01488808846772346,0.02170172974018665,0.05988602997818676,-0.0182255704855103,-0.011392621798419714,-0.04097557295018469,0.04307826335843447,0.014329746815380734,-0.025775599192636143,
-0.045208678391503825,-0.0438352121583198,-4.114927504225931E-5,0.061175295254335474,-0.023753292118862252,-0.03515165830850959,-0.04630517763616188,-0.06183201269029318,-0.0613680645921876,0.10305049314246495,
-0.07809450385510688,-0.012355232746433404,-0.0934918587249116,-0.06971717130418692,-0.036058803226755066,0.049804290171314006,0.0105166964874255,-0.027432303484011707,-0.0933294013322158,-0.006946673389773594,
0.03027903347390883,-0.023701536238985486,0.00559637403847609,0.01597464624037074,0.04723286695295865,0.01671863296853653,0.0349659645594505,0.005257994501774574,-0.040529988848527834,-0.011674730190874049,
0.03429204282722214,-0.022394023796629078,0.02995822290967501,-0.03957456150154825,-0.01604924146005028,0.027578786416330034,-0.03688259908247516,-0.1014042956640401,0.02370376274772606,-0.026265171522550555,
0.05576785970433558,-0.0597823142638081,-0.009414704554034233,-0.06375314089123676,-0.05818088425670582,-0.005919630105387566,0.01741924998668495,0.003925464353731352,0.062311266532439694,0.012758400809816012,
-0.05012905612041995,-0.031545966623984595,-0.049345248468248455,0.005300923555395687,0.010216453839925513,0.0014537290009652881,-0.03146358963335763,0.03905503193777195,0.008589895034170568,0.020257193030908605,
0.08882235704605759,0.04739455979152169,0.003451413741659322,0.019343180308723708,-0.038166036847866826,0.031336321309661866,-0.011261326643360839,-0.018416171667509532,0.01121436699173399,-0.0560548061769522,
-0.06464658340559637,0.002164529818775827,0.04406024044183928,-0.038038121275415726,-0.06915295579228165,-0.02393708055621031,0.06754944617108505,-0.08388563679713319,-0.010435226748703277,0.13436166820969853,
0.028037923676785054,0.0029881803100641996,-0.12418248506160856,-0.013915600342550166,-0.051040649145497725,-0.0481895238855351,0.05420542742953731,0.04875167247426087,-0.05954086056327481,-0.06380861053385954,
-9.530044469016124E-4,0.04834873280787746,-0.010951346962732854,-0.021821380585939576,-0.028403218931360465,-0.048516349844657636,0.03560741048917859,-0.12337225039386347,0.011838525188924035,0.05637376284724654,
0.02116080223267123,-0.04857458420537845,0.032159188313239835,0.08624541090297698,-0.0543656616533016,-0.03335175272827748,0.05165717766004194,0.03515936538600228,0.05901715529543414,-0.027524206721571753,
-0.00939105126700995,-0.09289428971568477,0.011292485808091364,-0.04194576018082398,-0.04386926722027195,-0.07353919064690435,0.03662724531698391,-0.08363941542189672,-0.03467125657426448,0.03517256301919512,
0.05898944557591771,0.02006855791105809,-0.00452283106680535,0.03433870623941735,0.039245354533809645,-0.07331448391118706,-0.032341972742726224,-0.023359843601465154,0.0556217564487212,0.07602374632651486,
0.0093087280987272,-0.025211996791977283,0.04804980256303285,0.01008194884492413,0.017619221857447236,-0.04000037222775053,0.020637896285742703,-0.058663920732821416,0.049585170954548854,0.059135038069618576,
0.019025897806340866,0.1447507325506572,-0.014452708547918051,-0.014677027736532584,0.042394815376790886,-0.036151633948187205,-0.033982758069652036,0.04013749056721156,0.014341986389142098,0.003203080950730415,
-0.0028504354049081423,0.02123628299750499,0.04150949090350286,-0.029966465246316906,-0.024840128191170895,-0.002141055593293183,0.11367767053603746,-0.09143210319796893,0.016304123038618463,0.07818210096096152,
-0.039356649902194514,-0.03818843814241956,0.030469511180698947,-0.07942606667483161,0.05899213980782615,-0.012101748774279815,0.08837052629477311,3.1555368188576074E-4,-0.01948450847117106,0.005457401571635877,
-0.08216174279807842,0.018441278377425846,-0.12449876041074343,-0.016680631108293962,0.009661914071946364,-0.003548381747077345,-0.08625162127976947,-0.03424685267421512,0.04286847430404088,-5.504964218444305E-4,
-0.0345886193352161,0.06892468968858792,0.09585846353513892,-0.07752524280658625,-0.05816469654144081,0.004841875694332015,-0.006404559256032969,0.13077625965037384,-0.011180390076791707,-0.042694207310339884,
0.027659159345341463,-0.04163096798653119,-0.05041745966147231,0.021839200673466622,0.09180174626397414,-2.3324079436974791E-4,-0.10892308805268812,-0.0282247430580456,0.0016799668808188122,-0.04534149301769002,
0.004208546285874965,0.023033302408335007,0.03979938666757339,-0.011645301427788845,0.05197800103528325,-0.036022061469120806,0.09937933555929264,0.006281928251334015,0.04191435471959245,-0.07443318109732826,
-0.008414673751028971,-0.02338315882969867,-0.025304213917432913,0.024696027998323922,-0.011816836804369322,-0.05780613848773092,-0.016752247829277412,-0.007500663720268441,-0.00800013902600419,0.017855518023143682,
-0.031498467898142396,-0.029400130719049195,-0.015283040206924663,-0.019064313790433787,-0.044883944774403606,0.0012295611124491638,0.015875690612341172,-0.03476855215134109,-0.0020349525991165103,-0.02376070212136693,
0.0054581900316702766,-0.0224941346568218,-0.04136536674326375,0.056517044892837126,-0.010745272455056906,-0.004954622490409412,-0.003769144258445456,0.04261807921542692,-0.01556101256537053,0.015854456581476287,
0.055131790437948,0.06808945122698845,0.06054258148571863,0.03383985201920157,0.08857043922271575,0.017485509936990867,-0.02032980937461251,0.0015000854755286958,-0.09143743084849679,-0.04577751376260064,
0.06727821634334416,0.023040200985279497,-0.006955780391395618,-0.00790075088471846,-0.004926965091759216,-0.062020292687189726,-0.015534046476097935,-0.07616611755164684,-0.02318461880826819,-0.01702941491205063,
-0.02977195427114042,0.017332775871261297,-7.65090342375795E-4,0.069681522228306,-0.07111102735033514,0.06766064546958353,0.05584024806262646,0.031520332071154726,0.03311220726408892,-0.05851007713845818,
0.042521625188558135,0.030156375987042135,-0.07326951195469558,-0.004324599587909281,-0.024716155497857054,-0.049083115001686,-0.005351072798699628,0.009533309290813292,0.03962019856767973,-0.0706979888390268,
-0.008253769037381434,0.12105473050729464,-0.0025806021840306574,0.014968389128630516,0.028864689358209294,0.007843454110848583,-0.01805176262558534,0.017612280458185383,-0.03846614487146639,0.0469762247728212,
-0.02515277490023216,-0.05796351332373445,0.002014517705689639,3.841215044623927E-4,-0.002136572923739517,0.006219328047172214,-0.0026225841729141325,-0.014779886732205011,0.0031171484555951416,-0.03504447886541155,
-0.010951315170725775,-0.003219447423837642,0.012298291371749369,-0.01134034799493493,0.05004898405773395,0.056923230667416065,-0.022593320070813137,0.09109498277952828,-0.029586574368028192,0.029566072342387957,
0.0035805632773519033,-0.018250428819810764,0.01981138155252214,-0.007324062779166948,-0.03603435526683525,0.0031263448721662087,0.0869920532435481,-0.024247971025198864,0.05666949027704826,-0.02322107953471751,
-0.07076994640143273,0.07462808765090513,0.05466406621020319,0.03439423451184768,0.03708659244111476,-0.04635357290510104,0.003009607892482743,0.051783700131003786,-0.030525047655105796,-0.054288357465564346,
-0.01258617159623798,-0.07534210230451616,0.004729742723405168,0.012739033844277712,-0.015455699605490975,-0.013782024022509701,0.012115370155718643,0.004969538694972015,0.00515050412620242,0.011170470180522935,
-0.0195414254476595,-0.07159053279360379,0.05319251910669653,0.05740855063497893,0.0436164066476995,0.0031345902038094156,-0.0019404698358551032,0.0161962861744422,0.08312474065312722,0.043511342969149505,
-0.025725735792597387,-0.09478093012760105,0.0032319267468405156,0.03673512072620852,0.021737275657878113,-0.07751091239071702,-0.018339530257854706,0.04009225590670947,-0.036453484585338036,0.10637593802640483,
0.020332731603516403,0.07219823759810785,-0.0680930303804376,-0.011708052678939687,-0.01179701670641513,0.03349618526228598,-0.004356044598401167,0.004555138493494946,-0.040101021314343774,-8.257723202771564E-4,
-0.04129677449086823,-0.0377084565181665,0.03416653731178825,0.005620791292079621,-0.038281081840576485,0.00440637708059615,0.10360919004486249,-9.340996326004491E-4,0.03213194050567861,0.00914545281278897,
0.008893628467261267,0.03746811097058964,0.040854787652418116,0.03792546118460739,-0.05120097290247153,0.07824112550894605,0.030109430558181594,-0.022894292130538042,0.008479035682805312,0.11403895936405098,
0.056545277325247494,0.009982242593825642,-0.0258681144023301,-0.04257467056677282,0.023262043500542614,0.03156752669704232,-0.05661209984704248,0.07732728228196412,-0.0448863063760008,0.06642207009022233,
-0.09001643945581786,0.005181525265901129,0.02654929802027537,-0.006903705437969465,0.04400227978510589,0.05073479224328582,-0.021149664446350067,0.013172040251908346,-0.06109051833613508,0.027787234513693422,
-0.028272965829281738,0.05174184872401135,-0.017694095516180067,0.013132258697689818,-0.05200871564064278,0.09111073842385421,-0.036034845251050295,0.029689869045828505,0.02263406066975048,0.13559133745794158,
-0.03341514437019887,0.09139019009760893,-0.009111151479313686,0.0878212230739304,-0.002932492257422689,0.027985658342634286,0.014430366260810977,0.074877668266636,-0.05760655145793973,0.011433311649576621,
0.0014356842202324083,0.04691745250415493,-0.015931956954968258,-0.0071891651815107335,0.03495952690709237,0.01664398342167113,0.014555947773704269,-0.01332626388890216,-0.048652811467145236,0.03144772863574989,
0.016751880317063768,0.007355185917634998,0.009763113506341748,0.013711504239090226,0.04648442153826709,0.021126779064464637,0.035589595663639964,-0.03629326258499192,0.008294290532386357,0.04181346311127041,
0.04674686409123065,0.020489661829312566,0.1058343098580576,0.01445883568928213,0.019258890187849206,0.02255985520596703,-0.008805659552425089,0.026416409691454652,-0.04917429994793302,-7.710456481979466E-4,
0.0026866849901565916,0.008590552442504352,-0.01402791284240143,0.046550382099599295,-0.07194006060616294,-0.004406290305558949,0.011682877228568487,0.032324887003136606,0.029193428219449036,0.048184187414658575,
-0.020846238515468064,0.03399115854191416,-4.391201040128728E-4,0.09129986839480332,-0.014091288869815128,0.03943135838443111,-0.083622809496934,0.00377386701862764,0.028856946046790666,0.050479141489787785,
0.03327007806186135,0.0979219277554649,-0.0233020968433306,-0.022715345617437713,0.012567701297158815,0.008184003435565744,0.0486573852458096,-0.04674314443651269,0.018182007232553966,0.06183622498102126,
-0.03864125494478327,0.003477169535065354,-0.05182484582522449,-0.03356230937560348,0.012218313582685233,0.006517695073489885,0.025327335679238613,-0.04506346808006368,-0.09224593666681641,0.0063567170214955115,
-0.026979301330008466,-0.01589183255314441,-0.04361062973544189,5.512621060092715E-4,0.07848371369485342,-0.031561626977917874,0.05388814531966157,0.025496079073344988,0.01999119603597026,-0.054813535660190905,
-0.011480685870841298,0.01806346812688313,-0.035602206715945446,-3.489133559279471E-4,-0.00390867540562113,-0.07446727523908793,-0.018170745672282565,-0.007606238848681189,-0.05962000313847633,0.028712810905671893,
0.012443726574324687,0.07489362851285529,-0.03626076733560816,0.03026505853350667,-0.01064394721887417,-0.07004903800961224,-0.025195254041962198,0.03068928943540818,0.009947377396751679,0.010446418402387376,
-0.008834161963856583,0.02797401498713442,-0.0406719961742018,0.040338306608610486,-0.050966906202905095,-0.003386504648589738,-0.007840917945043237,-0.009494866139005267,-0.013720617188050203,0.010444471063533047,
-0.019975617801856593,-0.03162201289877658,0.02819849160603531,-0.0344609481744933,-0.010917366320932837,-0.10498636260693564,-0.03953830164025999,-0.06009456273621836,-0.016937358456753312,-0.05434232059986259,
-0.018368108678831388,0.05260848076432486,-0.02728236805743423,0.03819758228303453,0.016044464908175946,-0.05876112831479418,-0.0015811149900822003,-0.009872814105441134,0.01792403309135263,-0.01664142369039083,
0.058941308456167844,0.048755907926728216,0.00538832864444803,0.009566413276583589,-0.033590462548408265,-0.048657752131286466,-0.09854100249598073,0.022088251097592188,-0.002521289812000202,0.06104417328153963,
-0.0335871025546997,-0.03674028697767515,0.03611008129761705,0.024478897953245583,0.02417041078027992,-0.07757970545193037,-0.08081994149584361,0.03424799684259212,-0.008659252287231849,0.033107982632956744,
-0.08135896409214372,-0.0802267507550352,0.0030484308504167205,-0.01120990973039935,-0.0688251546047234,-0.019793257437537126,0.013807699149734893,0.017251266505318788,-0.03037410338558507,-0.019949586674489417,
0.03676173186571424,-0.07689102955908873,0.03413242679671422,0.022196647461971544,-0.03242453178724703,0.024324826821118733,0.1305371327137087,-0.06355218462754518,0.056469948418133194,-0.028825739738614006,
-0.006004493080617227,0.03886276847424341,-0.004366669099496846,-0.010367342512061981,-0.012925517661607683,0.0797164191493702,0.006962006308050844,-0.018703774228278052,-0.0374376312698431,-0.03911373666301529,
0.023572773116596304,-0.019735431514911313,-0.06282197185405451,-0.07405084175350123,-0.013006840902657918,-0.020006480171961258,0.044104160634837485,0.02450668775166551,-0.03233296589214521,0.0517226293303597,
-0.028223827359559483,0.028858316975916377,-0.06640884941273592,0.008385653319252655,-0.02557535417090519,0.022426561401140886,-0.03248083452894053,0.0439768638857736,0.12048313196057386,0.04319133955408254,
0.047026397722867465,0.004059678125375947,0.04594026397631212,-0.03505013299763104,-0.03262516928321624,0.07255516240879277,-0.009720778098858107,-0.018491976631120125,0.03414046330615898,-0.06090375672070624,
0.04606030474974698,-0.03046212654157282,0.009652452826792687,0.03482646466362046,-0.005461775466461695,0.034236143359233785,-0.06739977245782361,0.09319025046692656,0.056011864906120416,-0.04069326294469856,
-0.050458955691627554,-0.00482593804048133,0.007433579734832029,-0.04601432211796279,0.07057709078593224,-0.062337196434483114,-0.06800896600133442,5.878040412438794E-4,-0.047907018442420866,0.00743910804555057,
0.028449429569167906,0.026301035646692374,3.754483831879332E-4,0.01677879489268439,-0.021874749766310583,-0.15605699101024167,0.05074394469404175,0.0806481116833401,0.06668449334788465,0.03456113711686421,
0.01931432740875856,-0.034502899411310455,0.04056970055439618,-0.0348853015978232,-0.03337284129858511,-0.04897966299848116,-0.058346442520976774,0.045858933508253,0.022847292274006798,0.04214172154692624,
0.031045240073953168,-0.03887166597569564,-0.015619230536888629,0.0218571508568837,-0.017788710082375196,-0.07163532652901797,-0.02277557975044111,-0.005218132015249683,0.05385608317687545,6.671153157972103E-4,
0.043643676828784596,0.005219611937994133,0.05418231470380054,0.040290263413532354,0.02807371208775211,-7.515267127215272E-4,0.019462178393876532,0.0322188552172461,-0.006804012288115599,-0.014508443504584731,
0.018029853988609193,0.04873420257147018,-0.008806580932986004,-0.04603207287161918,0.041555642053938746,-0.03021391071299038,0.014021172142226378,0.09787224162591349,-0.01798474959435736,0.09091061171613608,
-0.026539528800538798,0.054001291309856314,-0.0331204893136847,0.09090644191776262,-0.029298868830985147,-0.10364975835587376,0.029603087369341936,0.04635766426107703,0.0045025833694175375,-0.08964763165040014,
0.06221567958981539,0.05252575432027328,0.04842244530320112,0.05254040254762599,0.050356338947928965,-0.027346593068670422,0.028494025183589983,0.00602671787966065,0.030430661034403422,0.036880656836708915,
-0.023245221212505343,0.017531219138068314,0.07943260018752292,-0.011377802513138252,0.0032477524901668438,-0.035026169607051225,-0.04464976821159314,-0.01450146794108468,-0.049922926229292,0.01016873157713986,
0.03457463332561729,0.046066464612057635,-0.05085413321168062,0.04560962782964151,0.020767592337486398,-0.03873918691277095,-0.01919554539312353,0.0287592024774292,0.013074117601456573,-0.030516760336815957,
0.02354477722890511,0.038833546026590775,-0.00958333937560285,0.0086598476928137,-0.007371762904207122,0.03030602435931696,-0.030571961216873594,-0.00951135708510561,-0.06631826547508493,0.035616028314285966,
-0.04432942711980055,0.021437452756405583,0.03430879602802924,-0.04147904298580073,6.085510266772778E-4,-0.08236282884862274,0.054602931436090754,0.016368589514462607,-0.033808969686162794,-0.0068788942757031365,
-0.02718769570644497,-0.02199658237120786,-0.007065990877041209,0.031134011344411093,0.016987689614442737,-0.010565498867748995,0.019206752001594142,-0.034828654195685364,-0.0156515210256309,0.012281021167403313,
0.011358715601126185,0.038942545728753684,-0.06314681496121802,0.010438079635236972,0.04092589013068479,0.018992922895899104,-0.03195503580149839,0.054126194444393594,-0.02239592095880551,0.0024294225882868182,
-0.02782138369316236,0.055534968951269824,-0.030106479473080205,0.08418504469714172,0.06486057374827713,-0.012480572090762913,-0.05034671817634457,0.021121319682815113,-0.07753596336027845,0.0515898805478878,
0.055480781414374306,-0.019559097880644766,-0.0288893727065042,-0.048643608763045715,-0.002574605848414631,-0.014340178762737398,-0.012177608554409972,0.028418801582754515,-0.022390803229439316,5.566278031092236E-4,
0.01167165656380003,-0.02279762977153512,0.04176564416881136,0.03126629599876985,-0.029566921024904307,0.07715308137325226,0.06095832674253238,0.009636554051386997,-0.04722980515594576,-0.02423507778730601,
-0.03439237964427176,-0.05683004241091553,-0.0414857406747778,-0.08681075505479148,-7.587152057127653E-4,0.06749320687266391,-0.045141212210995256,-0.044887487102009675,-0.029802769037500777,-0.004588722775490861,
0.04544633646664212,-0.027581683058354612,-0.008628404165464698,0.024729483450459652,-0.013773475984795525,-0.058189502945643845,-0.003762103545111277,-0.017810344804586518,0.013904792768739254,-0.10971631602357142,
0.0012672276134085222,-0.04861012420606044,0.005036950832006544,-0.018842026684016532,0.049725496475137326,-0.03403900686119857,0.020447219309595466,0.028893647600620784,0.016072399378798653,0.043550658451087,
0.05031338810783941,-0.03012306696378539,0.1158596317430594,0.041250818390595356,0.02192428611498877,0.045829924354057944,-0.03189345823329746,0.030477262878240464,0.0620538992806466,-0.025447811191397437,
-0.00859008865951915,0.03138322380822464,-0.040437492647995045,-0.03816250165822578,0.006936492531650006,-0.013671987406093766,0.011579123930387729,-0.014447702238985675,0.05309428209415872,0.03025756526501407,
0.01682448138219076,-0.047685702425092,-0.006160667336423982,-0.04827784479076296,0.04084479408679401,0.009031815873961561,0.05051852885081877,0.01432448226896185,0.008614341884185417,0.0976932171556933,
0.022021846714642974,-0.05816318815765208,0.014300090615806253,0.04185267848195339,0.055379383680036365,1.0497876028443924E-4,-0.017301149702012412,-0.09262424193812943,0.06238562956151516,0.03705784303223354,
0.004037051102955399,0.01742107902735139,0.026866775145827835,0.01399861962452516,-0.031016800561586077,-1.0469722463571716E-4,0.054395196164349735,-0.02975985290378312,-0.08611243729691544,-0.02572657966424558,
0.03390311772254637,0.022636483822550225,0.0027398422841943063,0.008881120978629989,0.03702615688669863,-0.03793923946520967,0.0052945459279438375,0.04900898870567231,-0.00790142329193197,-0.032079859243566766,
-0.013227322425543387,-0.035089513335655347,0.04930047461862979,0.043328463706955506,0.004403732712531909,-0.023841321730733257,0.024414080380406544,-0.048518493142811585,-0.051059845684740736,-0.010488824689430368,
0.009386399894050915,0.021889867829630934,-0.1229642461221202,-0.004437345567714978,-0.02638417639175855,-0.010567312916007954,0.02550960536740574,-0.03700382540097263,-0.07364972421207965,-0.0305624158823918,
-0.013334976939615146,-0.01688419389942958,0.04753299414732423,-0.05728218698279056,-0.09270520602270513,-0.06908719325333894,0.0749967167671967,0.0024184146032710987,-0.015894873401899958,-0.0279794793806836,
0.06832260842119907,0.04742956540144218,0.10193173526106207,0.02401899890343147,0.018192184898363925,-0.025748364633108655,-0.07265535080737424,0.009093277727410793,-0.04956504487828636,-0.08886151891966919,
0.04251810027323669,-0.03583210046044314,0.061246499062834206,-0.017975729373936558,-0.0287839160380121,0.05954983831906126,-0.046542212460861127,0.02340128009732563,0.04778140525616459,-0.08223167912820806,
-0.03999287727378682,0.08565872316164115,0.026195530407415367,-0.047324927002426825,0.028340629440968435,-0.019924635501442495,-0.08286273657719578,0.0063650044297524685,-0.09184245051952063,0.052908558365370936,
0.06324740969972575,-0.02275132311476326,0.0887513728132966,-0.04340160465924716,0.006414562758928622,-0.08442494423289709,0.011659850830713178,0.08796523066442759,-0.09858593742095403,-0.02925568261332983,
-0.003090340525543248,0.02760377232976587,-0.048902653214568076,-0.026661338376996756,0.009231773137924256,0.017186991705150294,-0.0037799948151900713,0.04417486107061615,0.02109975341888537,-0.01506941798729331,
0.03312103470534105,0.08414005488742234,0.1429406549754905,-0.08772629609513313,0.04098900079847643,0.0021201438325213766,-0.016319734255948386,0.027609884573098462,-0.12982645569369114,-0.030761958278955927,
0.010155240448316814,-0.03211258019143621,-0.032389891317217714,-0.02312157616243778,0.02080739729340678,-0.016846827774511422,-0.09889562882376197,-0.0021069386823489803,0.034057641828682386,0.07735331108222021,
0.008833222545617076,-0.08523365240302468,0.04624432200062879,-0.0597219691294239,0.06692449032642002,-0.0077797080850492036,0.011092572351623907,0.038762746181821475,-0.083817982163396,0.07561489084471158,
-0.008203131413323413,-0.026954316367467097,-2.6721429754454032E-5,0.05821592216521136,-0.05372673852622583,-0.006357332149392802,-0.0027644333894201825,-0.022376942813723915,-0.02519493096240507,0.023367214790344457,
0.11204231856783475,0.07685062195993572,0.051424797352381806,0.05106314766746286,-0.05829754920593354,0.09591768078885916,0.04258362532633704,-0.035867946641904146,-0.009292326919392215,-0.07310669542179958,
0.03346603636256142,0.007872836583574407,0.04321570762508744,0.02067323762205585,-0.053802938307670745,7.199824299014557E-4,0.00857128169305602,0.04373154129410134,0.03719132531325598,0.05568200232850657,
0.057599190510294,-0.042355911486240884,0.034670405230076855,-0.03132439527565975,-0.06683954742803175,-0.02240621023702698,-0.03730577618848504,-0.003236384704723506,3.6327166462105386E-4,0.05143416711058362,
-0.038283653231817844,0.04225234775927789,0.010565734200131313,-0.02168307992091458,-0.006033294451694147,-0.03340818546237147,-0.036036144199736365,0.02191324625779094,-0.02127546830483982,-1.6001905326330773E-4,
-0.011399211419356443,-0.02634330804516991,-0.035518092629612565,-0.038466123128174726,-0.05022897123755152,0.0389665096340756,0.0215005487115469,-0.04810749138717562,-0.006294559889251872,0.051529695877311904,
-0.01993403747652316,-0.017352907037502304,0.040639137912712994,0.013832390492905324,-0.03548210120132783,-0.030333168163988754,-0.0668835957370549,-0.0110977820464191,0.0019441850073131193,0.013610232833015885,
0.0016078500077543474,-0.006833870620186804,-0.02353579967335247,0.04729686028239244,-0.025020003239861817,0.011832966609379767,-0.06523197180739186,-0.08140081700995497,-0.024756042192022584,0.05376330158777753,
0.013755233259628628,-0.002431170533688292,0.013749034574215542,0.015910043500328198,0.01792554197268519,-0.009941923290540142,0.006663296593031777,0.0014276779944143413,0.028155879117990557,-0.07144952624869207,
-0.068838588088288,0.03577993677423035,0.02803921978539837,0.005701607614364804,0.04271330257823879,-0.042504388378633726,0.020292579195773555,-0.039756537211059935,-0.01454291972792379,0.0831612862793771,
0.011052556582835098,-0.05086548168551998,0.016327256405326042,0.026290915502774927,-0.004935424433242186,0.04745207111579717,0.06939880006792536,0.12929670567594695,0.07918495508391908,0.05213465373486055,
-0.04396653313429511,0.029864206158251562,0.012456405717800146,-0.05493460814255399,0.03769799183927478,-0.05248629339286997,-0.04575262644815316,0.033285168749543306,-0.03838877355890404,0.06595666281226395,
0.07378847636759737,-0.06268540489291355,0.049302117752750466,-0.031046913251820178,0.08043114362886448,0.10394077062976843,0.036743277236321314,0.0776384850897243,0.09300591250760086,-0.006115092994233361,
-0.019749149233890557,-0.04019379197207505,-0.02008500191807302,-0.004376060019376355,0.029692779817340642,-0.05084573978555852,0.006637023757929605,0.085136038751732,-0.04955104992951138,0.027235143916323996,
0.03562566827305687,-0.01528106652746357,-0.019585605338283484,-0.004695045348034255,0.009231624181553492,0.07237845952077294,-0.06958663495366683,0.015911558608499264,0.04372735325126512,0.0335873470841548,
-0.09550012791835373,0.02094118767639219,0.01040849147636593,-0.04669239140489594,-0.10790207373073282,-0.04737945351265442,-0.04750195866811908,-0.03654352051498387,0.0534032524693702,0.028888648793486214,
0.02854316061948331,0.05514904974521646,-0.0631231581157911,-0.009329271108816586,0.0025404052770115295,0.010717454032687639,0.042972415288822056,-0.028655307560124375,0.03852481633248709,-0.013674448388576505,
-0.014450281874524313,0.01670179220210858,-9.014958698273053E-4,-0.08243741724985676,0.09521856912261084,-0.061283251543655506,-0.03956183353219508,0.04383323372037365,-0.06991429468909197,0.01059698972499956,
-0.004960695503639702,-0.05253485283266227,-0.012258327889875615,0.02548196223304887,0.006307508472383184,0.019768787177732765,0.007679727626998626,0.008266769805058532,0.011026938917962694,0.03866985890876549,
-0.0328063071903374,-0.051313080745960575,0.002859041960452127,-0.027279081928810112,0.016240612786543353,0.0013656587971428648,-0.009441908184674237,-0.013049549449895585,-0.06337544707899734,-0.04812118059321498,
-0.05479956411173943,0.004222978418355576,-0.05692081265544839,0.03460303945249976,-0.0416861453488127,-0.08824017000098694,0.010474066266630734,-0.0022554196914765074,-0.05473596003773815,-0.0032382743335903604,
0.08515991993930548,0.04297460360044202,0.0022149354044746303,-0.02792380297402083,-0.06741229078347075,-0.0011670305019828812,-0.13041325256530392,0.03294084139600706,0.016870994553698778,-0.06743633440410947,
-0.027736909019598407,0.009605713734382675,0.012099371538938202,-0.016155564818862947,8.862754455512203E-4,0.029911454901821476,0.06076425976268658,-0.03153916156960303,-0.029331268471921256,-0.041072253430662516,
-0.0491984642588444,-0.008108338828045647,0.019685200672095643,-0.00652406375056287,-0.030240725419886393,-0.05372292629555759,-0.05238681086774148,0.015173933348465896,0.0378821094312918,0.047812422950213485,
0.06918650319635553,0.006157794747080389,0.042377049443928935,0.0523643547077617,-0.07095769099791607,-0.0027240308435251903,-0.014005171948486383,0.017568125321526722,0.008632269858038347,0.01959522098550532,
-0.05609258312304918,-0.012790577941021683,-0.011947578481628494,0.0020371813407206885,0.025398059372103893,0.024473114458840928,0.05082398346936498,-0.0016988924917548873,-0.04984419298054256,-0.023911996416884424,
0.054237049773352496,-0.012305007900271094,0.05102703643417882,-0.016699365989987388,-0.02094827278842803,0.009348948317567397,0.032519523390099336,-0.05235739727376496,-0.0015017470550765463,-0.02130350973525111,
0.05494039919134959,-0.017726504341152492,0.03144809974404309,0.05402932935509839,0.11093109354761954,-0.012080735347946656,-0.09199466623753873,-0.05960495908093544,0.03302258320195119,0.06988640597579834,
-0.06954336685609022,0.01274387628512224,0.041652946517619104,0.02169796982105109,-0.0418572143958916,-0.026742480447133194,-0.04037762382593959,0.03408379977693987,-0.004603380994378229,0.013327303904324003,
-0.0017335698169411932,-0.001146057214322441,0.04788297479690445,-0.03779069145211966,0.01875871501224904,-0.02459422487989975,-0.016656276720503037,-0.022964938398348955,0.015860171984719642,0.04951085018952777,
-0.051481768812605355,-0.007260304222071246,0.005456957621754383,0.02622764135046262,-0.009251466077528565,-0.06640446626042326,-0.04531814325507703,0.005210985554085482,0.015308250561226821,0.08181110868128982,
-0.05089722654855635,0.01949297915219437,0.01913529406410613,0.012384162240465162,0.026007862636753094,0.01594570656835058,-0.032867705297682896,-0.031583698768151695,0.07100566325337321,0.07674574258795117,
-7.556820859077124E-4,-0.0020127245679882376,0.024768435982688592,0.01063000527137104,-0.05998585058405562,0.02146463066035355,-0.04589636226696241,0.055402430063724126,0.013712463941654823,0.028019511762633377,
0.011494928503847352,0.009449678765054143,-0.07216622705491883,-0.023697915603562134,-0.08197302400294315,-1.5049073745174442E-4,-0.002381210113718097,0.03043451661390972,0.049273289709289084,-0.0686771501583672,
-0.02880807552235866,-0.00639105816417458,-0.013661453243612367,-0.009353775318082807,0.012137658111628842,0.04047737388363232,0.025379446943354443,0.10110232288312088,-0.034365293726549846,-0.00399482986173568,
0.07447666030065271,0.057962964481714965,0.052326666488960116,0.06422758912792356,-0.00657179671065542,-0.017723017643931097,-0.034533913856648266,-0.06472722377031431,0.012527559071510364,-0.027580180167845445,
0.01394502239335512,-0.07470994046287972,-0.14261836714544388,0.03529529777908302,-0.019201117816678034,0.026815368713884125,0.04448286755131702,0.025386336162470966,0.08262394205181318,0.10571440625350757,
0.02103652474824525,0.05312977363076079,0.035921794367772986,0.005733970555308105,0.013877527229090914,0.017306380342907247,0.026477066811542427,0.021100809068574294,0.022140209174024334,-0.012528675409149313,
-0.09439886680546422,-0.014846356945653125,-0.036432479101962935,0.06629346886313124,0.03774783293903312,-0.05491467244344366,0.007976096997898412,0.09795891621947402,-0.06014199140952692,0.010643114307406155,
0.0038321315460671697,0.09851484437394661,0.07680537037596996,-0.03385662087186512,-0.06415813254709904,-0.045472181173032346,-0.02644799662922932,0.019245689232770265,0.05421329525804752,0.010563054303682108,
0.06793906993861767,0.002244764878567447,-0.041862132254443706,0.0775558682602066,0.026619392376184166,-0.028953123966005342,-0.05793920459514811,0.05718195085412268,0.028516641553406982,-0.04171247823025352,
0.048248528156810036,0.0352673972936637,0.0032561233466635,0.027225846560024042,0.052703645375966675,-0.08372029814527414,-0.12501450962308122,3.2705961680191395E-4,-0.010712217766202518,-0.072629797028966,
0.025693378180216917,0.03612572594862045,0.06409665998447549,-0.020752686472494283,0.0024931773051663276,0.05722409060101432,0.006817339827281688,0.011109349984416348,-0.0219446311250311,-0.009188623095022726,
-0.058280706382463424,-0.003942678028512583,-0.04504523131995728,0.009059179851596544,0.03959075980890599,0.0031243114496821416,0.028969694621235675,0.04347212970604635,-0.05475544062196892,0.12514314632463108,
-0.05717485943671259,-0.06411545272884484,-0.03670386694106459,-0.06989776102031507,-0.04934635131377249,0.042028423114768634,-0.009987027278173454,0.03119222720561151,-0.01226473328950192,0.05836778435092865,
-0.011767425319110087,0.02632057624253877,-0.02624926503112349,0.04245603911212429,-0.09753841150660843,-0.01910294407426425,0.05250628801608337,-0.00539394285848605,0.03135401664117791,0.019127960869867414,
-1.5293721535186702E-4,-0.007527972364258763,-0.04019307667870718,0.06081144487912067,0.009692923573167098,-0.012167820726436155,-0.038070585858363856,-0.008430235876779317,0.0022666572475090216,0.022140176978888003,
-0.06870102106873653,0.019712608163670316,-0.13214050931498955,0.06883419705197567,0.06556707962508959,-0.023549446584630485,-0.005699887888730567,-0.03236423483101679,-0.02654337770106845,-0.039262083803222395,
-0.06014664031556676,0.05684250784803562,0.05243190381746286,0.03316871070901367,-0.004593806288915389,0.037683588478269955,-0.01753256762353453,0.017072062793104782,-0.005483699312700064,-0.020571561225332633,
-0.042754263566267485,0.117293277385952,-0.09200648898120851,-5.490669886460929E-4,-0.06749014167839927,0.005566150812444366,-0.0040717220487605,-0.09318011370936059,-0.0034024798325222702,0.08237610679163808,
-0.061591738565645274,2.352304938701448E-4,0.03372144874784344,0.012980443683071987,-0.033247444687536695,-0.06519823553155225,-0.0311919318888864,0.012986433670043018,-0.003562925863255101,0.013354349684981691,
0.04933152508854666,0.05422349562492075,0.06785641561300977,0.004787044292137067,-0.08738847733089695,0.023421789416968184,-0.04027717642784908,0.09709854925409384,0.013934808506058143,0.019578624434550742,
-0.05061044901780909,0.0843415329773456,0.013132327651051833,0.015856970909582036,-0.01010046603044044,-0.10887455538265736,-0.04312193433157347,0.004652735080323673,-0.028729002339787854,-0.011486800730852982,
-0.06263594297210365,0.04157902219730665,-0.04876084019464633,0.05285673894463396,-0.034733518645295815,5.100025546146208E-4,-0.038622518312276886,0.0036447628282852236,-0.02234185333278536,-0.016619483628123717,
0.01882354584108238,-0.012994910801841298,-0.011326823192860162,0.05191243020193493,-0.04980248751521677,-0.07025787769364687,0.008713480737360257,0.029085200707565997,6.723226716776076E-4,0.03424439350086487,
0.09216694520211778,0.004221631287206508,0.020151796855632797,-0.06306132478519524,0.09296731561315692,-0.05411704509154518,-0.0235637544140165,-0.03694844514441174,0.0165708042444317,0.08750138615580874,
0.03801987768154878,-0.014984215720287856,0.04172685319977952,0.015253698658172572,0.004712390272076268,0.08681422996175361,3.7572366859189616E-4,-0.02212101556563538,0.0054947223813003624,-0.0919102917284546,
8.188741098886494E-4,-0.058701113896614206,-9.163205475597209E-4,0.10710096920420967,-0.12617365230680772,0.0022646589184685843,0.022810824093963632,0.028829564936627222,0.04951304808226646,0.030562154606806335,
0.01589936199544091,0.01174220373713996,0.022978693278332386,-0.040909608347928325,-0.07643902935479399,0.0299258073866428,-0.024215638688990754,-0.03352871821161775,0.034079817212183276,0.02097314581374012,
-0.03839304420534345,-0.01700608755853962,0.018165546344386996,0.07314256685333656,-0.03339078897118535,0.014092904354602347,0.011700975582311738,0.07415013943689562,-0.05732462621577037,-0.008972262145575031,
-0.008699140804274206,-0.016627354098381574,0.11126509095539149,-0.003307642819406767,0.01566260821728183,-0.017986554388131355,0.0381063916881382,0.03997631410274636,-0.009380624153806838,0.016847312220715064,
-0.01675693430920075,0.021842875941048598,-0.039043933980290144,-0.0444281944493157,-0.024023530061256272,-0.02607354881715039,3.060694312476288E-4,-0.060917954870606514,-0.05025100975319664,-0.00752247002281396,
0.06068068333654603,0.018594270484401067,0.033063346770473595,-0.01913568758213007,-0.06882090583837222,-0.03457666719417373,-0.005836581551275518,0.042676937252588566,-0.017109304009769493,0.02019172036365254,
0.06933099193555273,-0.04304824545083812,0.06395139228019953,0.028554231711078938,-0.0015522523557198534,-0.06763783636271714,0.046566368793868815,0.0025381061013365065,-0.08067117287059242,-0.05286634405552253,
0.01769502132045378,-0.027307402872196903,0.03608400560920854,0.001378181263554611,0.02572472198151375,0.014775656058507518,0.03582778396520679,-0.09543889385547953,0.058430606719662215,0.057747689290507324,
0.05479849611864553,0.04149063111182229,-0.0785989269735325,-0.03203108329342892,-0.019527523794510223,0.008625233299009823,-0.018170086707115524,-0.025722569579188014,-0.0018946517496151512,-0.0034314889299326364,
0.018605453708193023,0.016498599473384026,-0.007136982297468307,0.0024874543091475696,-0.045941302644299124,-0.004699655899089803,0.008363510670958129,-0.033729222207730405,-0.021965246288649858,0.009339383521848585,
-0.006871270465389357,0.0065448088394945625,-0.016648737098054815,0.08973160430622824,-0.0015142662219976165,-0.0364853718287172,-0.04023656849375788,-0.05302731830591407,0.025015374867278548,-0.021226936463588246,
0.032133593974506956,0.06182357625793687,0.03257731918191315,0.04572026992533855,0.004043161722646131,-0.06967333194170648,0.010147981332200157,0.02265359460446825,-0.041850112707606274,0.05234887446972723,
-0.019719244676306827,-0.014022190501439259,-0.03257777056361871,0.01522620508473745,-0.04694000379737021,0.06451897691004063,-0.022306871096081423,4.97444617622082E-4,-0.0579848556360132,-0.014610629213429552,
-0.04919146472016497,0.09061400926127994,0.02588911189929192,0.06276656807600431,-0.046033039884408405,-0.03869204913934624,0.03322151825721436,0.0036467868645464825,-0.028945883916086688,-0.10342741340135568,
-0.03968822723202124,0.019741221130240485,-0.014575837203440767,0.027320836618049626,0.0053111795047631775,0.013661750822548472,0.041783058262588046,-0.051581469523111774,-0.0052138583390035015,0.055403754547471346,
-0.020415255462099356,0.045671287471269376,0.033868254755682885,0.06597752535922236,-0.006284287024191903,-0.039339273601828435,-0.07312914219082098,0.001445224115665076,-0.06833724085157748,-0.059280906799048884,
-0.053014906380732155,-0.05311604036162159,0.00860589812759691,0.033944470845235615,-0.06330577797786813,0.044069777636927245,0.00497805361147864,0.00985084416227579,0.005867371285725379,7.901531405389216E-4,
2.6240813782594114E-4,0.08933242516324685,-0.002208103748711555,0.06493379705431826,-0.011096668152280281,-0.01051720238610598,-0.0145555336992089,0.035629014980109765,-0.03605291394796017,-0.008860588785900635,
-0.019216652415624456,0.017183328048804715,0.03824981002953342,0.043445672767637715,0.031695522995072715,-0.010670700130445344,-0.08253210758997545,-0.002554696573218286,0.013382782240370738,-0.05760985403496356,
-0.017439498220623396,-0.06015258170145599,0.0967537378013063,0.0560961942142936,-0.005180091942521413,-0.05157040566143427,0.04561894220178615,0.050992950191342964,-0.02146329398824334,0.019242647018845916,
-0.035182001108246465,-0.025123076525698975,-0.06190334431818078,-0.030990674461089635,0.05830019149972949,0.10135237360763956,-0.060174004443602255,9.139787870610134E-4,-0.03328540251002975,0.03096041218954164,
0.05449845659008882,0.01768373978945215,0.044346115254170676,-0.06618394057012376,-0.051840639834057706,0.11488185479104034,-0.05842087992414689,-0.0029503142943049106,-0.021852011512516905,-0.034706028433159904,
0.008733015306626594,0.00972066460830475,0.10017985731544803,-0.01192254903049635,0.05080564115532254,-0.03313345791991408,0.020523679048025194,0.11429263429993859,0.0033097108635287984,0.07400127128870072,
0.0492866100742515,-0.06125387992228074,0.01725141443435742,-0.017579868116790333,-0.04497452349766903,-0.021822342337703294,-0.03048593806725125,-0.030039940154391133,-0.012278773390831063,-0.04991797107694853,
-8.148766542142454E-4,-0.03994959815517189,-0.019696533825218732,-0.028847208369912645,0.038289438232482924,-0.04617293905149422,-0.03835098254956142,0.02378703276612783,0.04694645243298967,0.04368993224761145,
-0.013004778830099234,0.0944083790202061,0.011258310476382751,0.07886671393414567,0.08478641534029406,0.1015567094048898,0.007335935124311998,0.037752488436138786,-0.0019944207611369137,-0.02644794288136019,
0.07114329880978341,-0.012124638227941848,-0.0451471956605284,0.05213727184300156,0.0504022649198596,-0.09121274277828263,0.01436392207661043,-0.007269046184953404,0.0415580063807322,0.013233434822043977,
0.05684244309338981,0.013561992466357834,-0.019948546514294733,0.014054485833469887,0.021703792427959116,-0.042331492350516066,-0.10002836626294886,-0.027500396671817993,-0.0024721269187535718,0.06640120570059797,
0.03197043112322562,0.0012451874901622734,0.0279754859057169,-0.012448004082738594,-0.01926126542183146,-0.04301430628533796,2.6549305563468246E-4,0.043396024796419345,-0.006997416827533967,0.054762098167872676,
-0.00814966908832561,0.05692157713398537,-0.021588158217811966,-0.003727728196101987,0.011990952278642778,0.025077246599805737,0.011314083960165906,4.2313713575406904E-4,-0.013812849534558413,0.022103294237012846,
-0.00467968136115903,-0.07876182344339408,-0.008625486165673265,0.035568379506425066,-0.0250748091459535,-0.025542041623295493,0.01721070844544471,-0.007859467719740634,-0.00533662653594386,0.03581623358823571,
0.026664460992260854,-0.03364373183967978,-0.04510892627761971,-0.023778050072684794,0.04122885948386578,0.021291622832836934,0.0095998497877009,-0.010237073947152587,0.008777620707662881,-0.06038652086983393,
0.005499405552230603,0.0027206473043643454,-0.059805557966888204,0.047314890413785955,-0.015472412108868908,-0.009285333003662695,-0.013232445985596041,-0.045994076808716075,-0.0536815369404549,0.040637397744805126,
-0.01780205506479726,0.019821089087119038,-0.023953573684813066,0.011521328194657902,0.028764451082066454,-0.11158410461941823,-0.01167818000675612,-0.009328230659342114,-4.398149665460061E-4,-0.03531679551377684,
-0.030498386051093507,0.007045145338590025,-0.006734274868071191,0.07103280303388225,0.0606755295248085,0.0249743267641254,-0.07304076319187998,0.06270502720637464,0.017117448553215606,0.009100861663104585,
-0.018299372802956664,-0.05526992521728626,-0.0016468468188528523,0.046709166383098286,-0.05735684101071233,-0.019203769406088592,-0.015007601147481953,0.02546816385406634,-6.173680581764834E-4,-0.11523145572739327,
-0.05938436186686298,-0.05251545058263131,-0.027700659299274843,0.03363604536214695,0.0074410681806160355,-0.019473758165222795,-0.020840747515378746,-0.020453437331475775,-0.060949560404996946,-0.0363171577246785,
-0.027462520413343273,0.027192002144451492,0.07672831862152474,0.02417535048153419,-0.0466793155252886,-0.05409143692941618,-0.07436669774106615,0.017426293578949353,-0.06408700144922622,-0.11256134856749646,
-0.06434286997950006,-0.010341199401792959,-0.039192284790821305,-0.03997065964336049,-0.017272136771561416,0.046195528397078675,0.038824023242299,-0.05291928686355029,-0.0749629691187431,-0.052516852748750814,
-0.014935822983065707,0.06374041710786248,0.05674694064943022,0.005966200091734799,0.005085353784179415,-0.001084685086027832,0.012287838344042097,0.03565518795497958,-0.0018465940612750924,-0.034263603384254396,
-0.034498563991292204,-0.04133439140785569,0.08616820964077912,-0.048788535902312066,0.020479495564172827,0.04401846850364954,-0.026813066769686745,-0.05184773661887977,0.08942601239758445,-0.030884879051150515,
-0.08654972327872425,-0.005670511074034069,0.07994336536788409,-0.02155782705339468,0.01866828579657272,-0.06992227265873399,-0.011891319708628502,0.05250830703023853,-0.020302048986274416,0.024772513867187568,
0.046478012999938895,-0.060258691252440356,-0.033085723838235326,-0.08496932940308859,-0.023910994371700554,-0.10304181765596794,-0.0451152015228489,0.046194169862781145,0.09284318561548037,-0.032475352719370326,
0.07076775671515464,-0.03217292854753631,0.020166112515823204,-0.052536298449312784,-0.05414577182876269,0.06366492567746761,-0.015353436491606065,0.06621153787010116,-0.025638448098656185,-0.0672767865223185,
0.06962124107354727,-0.05008392383794609,0.044597142566398025,0.039421911196938775,0.07552117939790566,0.006380806020309872,0.030463004134505395,-0.05138992240643167,0.06053191671286644,0.038404473584757015,
0.046817935237210666,-0.015555412458583662,-0.06533435332764835,-0.008469313088877403,0.051512103712344375,-0.002461872905088893,-0.037605816274766994,0.08971740267214386,-0.09073757432864718,0.0039009280357562666,
0.026662469042697975,-0.012780231908560051,7.279275278576487E-4,0.027134294196932928,0.027648423198808465,-0.019304486344220398,0.024896641694445366,0.01021891120177516,-0.02569920906926906,0.008242148968602028,
-0.02867992341730746,-0.0599664437945117,0.03470926110085621,0.006691448877959333,-0.07370051666518836,0.015896613618138333,0.0018674490361762052,0.04992568588267372,0.044945958555215305,0.049233328374953936,
0.012111177920696692,-0.02594142410054718,-0.005705968642836318,0.02859071138787227,0.06335227031018452,0.0282693587408918,0.022055902290871517,-0.016119670524144782,-0.01761674815078112,-0.07072108112179809,
0.03633061797679146,-0.043124045419985046,-0.02872164093960356,0.04587964257385826,-0.054797180243688605,0.02661084415729127,0.07283304837987059,0.0680174750967729,-0.009229882123713855,-0.12399334992991137,
0.009604439398663258,0.062469459496633864,0.029789996140414363,0.06487747660633995,-0.09363540310247948,-0.0026110830153975788,-0.024358144035566288,0.001955536000761377,0.008191805324371608,-0.03307606559413785,
2.512940468990531E-4,-0.04364735039707949,-0.044868342272793765,-0.07374812248372063,-0.07767187908485375,0.03575634043486919,-0.002103679759317291,-0.05514479617084036,-0.008325148093122499,0.013622779907532726,
0.01656860360733442,-0.04595652775092645,-0.04390213124316742,-0.021189945161234392,-0.04582174554307416,-0.0036131760328102316,-0.006557048689982633,2.1742846278215754E-4,0.05599268698614281,-0.05542103871943221,
0.04593710966947887,-0.037904812245662625,0.002228847301379882,-5.289957535429485E-4,0.03242171274835899,0.05176784583265998,0.0035010991138947536,0.01979122256503444,-0.049479845655510224,0.007384931775406065,
-0.03915123476169234,-0.044556511052902745,-0.0352896360758354,0.07322445453565586,0.01582356761029757,-0.09497934955475763,0.0031287869880286226,0.015410251007064963,-0.065293535381584,0.06031143894671817,
-0.035274070705043695,0.05433243184416103,-0.010760004281305423,0.031062402872734235,0.020874618080064147,0.0028638518801542535,-0.047227185552073024,-0.0013316802399763476,0.06236769075402478,-0.08004190505106219,
-1.1134800236274129E-4,0.009020317077166997,0.015786224001146223,-0.050462879735404,-0.03263113518661566,-0.013368248442426628,0.06872503860511525,-0.06501590522244165,-0.03466958532917761,0.041413182448921275,
-0.1596679036097436,-0.017002417714673826,0.07584347836853889,0.03654329759036503,-0.004025558572357037,0.001494877256263813,-0.04156338308987387,0.08729240721406342,0.03693568982271965,-0.05083854201266683,
0.03232583399256028,-0.0324495906189757,0.012981531878495618,-0.020917330877520825,-0.01879453919051953,0.07614070612310121,-3.5536069146264235E-5,-0.0012399777457329953,0.011999703475522584,0.030080185910911435,
-0.057807137439245794,0.047288498559780734,0.04691093660910632,0.09376068398034594,-0.012951601551914261,0.08752393445071638,-0.0692607471436663,0.08619538929873483,0.049635762739434916,-0.048080034220984266,
-0.07967381046246176,0.02040315700950532,0.020363556748971667,0.07132056935703748,0.03935463425439136,-0.09617745709210794,0.08465060855934799,0.024816543673402268,0.001628005465731436,-0.029766803062748766,
-0.03962244695601091,0.09028771848465143,-0.01522404290710734,0.022285915667126583,-0.02560698379632822,0.05793029755726692,-0.0046725785692749355,0.07877593183708761,0.03227282627816769,-0.005105117982467137,
-0.042063318468368055,-0.13888739364268726,0.025943937609617204,0.00622041840232726,-0.009216764881309706,-0.0019183285142901024,0.014762847706131016,0.01844946869246411,0.03138599659391793,0.013486093291226648,
0.04173724841510079,0.07002076443326793,-0.09378118262415595,0.02997461706768828,-0.009396308823655372,-0.06563590823539449,-0.09850376556533863,0.060476281349259114,-0.07601823229102354,0.08087336294048786,
-0.09616939306528605,-2.3700897212202047E-4,0.0015148028042940658,0.007954455303985798,0.02376825277030784,0.016201953109447078,-0.01721347232087961,0.03395450858422249,-0.01565303607499883,0.015002609599400899,
0.16130370697402452,-0.08085534841551241,-0.06352800500241004,6.524084468374545E-6,0.019200307802942407,0.05245694928489795,-0.030486059775444736,-0.01355512144971723,-0.05278256095290608,-0.013241702459208185,
0.03386917714393444,0.01643108755860518,-0.06830045055544597,-0.015620608530368884,-0.045303385840452355,-0.03057974984035338,0.025286291115975933,-0.03149599095673173,-0.04062018195820237,0.004808709952479343,
0.10060511541559286,-0.05699498656327347,0.008875733131172837,-0.005637391261587634,-0.004657496330138885,0.011232863770221488,0.03223415608293957,-0.04322635612999195,-0.00541155346713019,0.04585692002020515,
0.07248635067774535,-0.03816478956932751,-0.027042743950125982,0.06717436652601294,0.044676520141891836,-0.01868615914135516,-0.036217163409526014,0.015629727747066634,-0.02304044943505474,-0.012363897651752413,
0.07840066726208428,-0.11122527428472768,-0.006067252378862935,0.04688846303667913,-0.003863357966024132,0.04809899908551431,-0.05348474974692025,0.04051398278904153,0.050032017085631826,0.03432687960263763,
-0.03186919521104598,-0.03487570870168253,-4.620178588978263E-4,-0.02466899260676359,0.00514702499261971,-0.025630648603856176,-0.04344167586280135,-0.08002179267359956,-0.03500792830128497,-0.07354834203173148,
0.03730397656112716,-0.015593602173899762,-0.042558653730140804,-0.06621000253537562,-0.013684395884440531,-0.04763457662096328,0.014002668078699758,-0.03673651553911316,-0.05325442175893951,-0.05417671177033325,
-0.06382924314461462,-0.027219457356295464,0.008912330760999287,0.020067933342735517,0.017724464659144932,-0.014913048112144715,-0.08638321206221829,-0.06301828183733155,-0.09397911405109356,-0.0057974203827206245,
-0.028895125316109247,-0.04393479824625542,0.05967785969761734,0.04032702338839513,-0.00513751858548547,-0.16710027331796976,-0.030186919196944773,-0.022832786457752743,-0.10169094026192141,-0.02840058361157185,
0.014203184954844426,-0.10385440951143712,0.006878452734580637,0.03460528058618396,-0.0444851497587617,-0.056003445780393485,-0.022437432979806098,-0.10591663397863957,0.06451113385674961,-0.12350312185566642,
-0.016332533189844223,0.027328142580944716,-0.004801557374729588,0.040635937972918326,-0.00325321989679055,0.03692644321174161,-0.02280070038433715,-0.017808298648933216,0.0023051636697236128,-0.0914566588584079,
0.06259601359371038,-0.07227807067665867,0.027994507907045114,0.039572887666958906,-0.22253014026932844,0.04929749338186619,-0.002106981333071257,-0.14636160034916015,0.022570002678153806,-0.21894519454873057,
-0.048474136092265474,-0.026332803360547483,-0.023671640532235395,-0.05796818984347814,-0.024413283842565726,0.015624831447855184,-0.005836801197705819,0.0062586582724250515,-0.05828290714584123,0.011122825893221796,
0.03306522268375276,0.031357462766826834,-0.0749226775306706,0.04253984034399349,-0.03292236428631902,-0.011477556289377754,-0.014767327129093571,-0.01343762454193823,-0.015939646388615576,0.00961097676766016,
-0.05200919781802787,0.048930756697684964,0.0029403492588843125,-0.11009741194969083,0.00752398661467774,0.045390600717937615,-0.03696634632725638,0.03372381867302189,0.05002659001986898,0.019678724169882474,
0.03683918986994326,0.010288308808558922,-0.011790554217338689,0.001395566396795365,0.034650347097310505,0.016741474646439256,-0.05560766430560577,0.023842165388969123,-0.049366803553294834,0.004873716166974567,
0.04609304830639145,0.03916331688195148,-0.04023380705521719,-0.030645853844843036,0.03616477685769311,0.023723206035158324,0.023231796905783916,-0.022209576140971698,-0.05733327724865779,-0.0033055244243281818,
-9.10414709287973E-4,0.056656957135971964,0.02908120225762168,-0.0534423451001683,-0.0014994017273898053,0.023055559160116496,-0.03281279054379776,-0.05315424586219582,0.028426724613729668,0.0027079024141003208,
0.06461036823534692,-0.008887470057376442,0.021436015554151575,-0.05992448611474832,0.04807005209913677,-0.0026715713069452637,0.021311483954066113,0.03256497439716385,-0.07437053101131179,-0.022001106632280592,
-0.05255212107885252,-0.005954051615936944,-0.0023113233152434612,-0.02496246401092904,-0.07407985826687506,0.006400233560218796,0.008408496298570966,-0.024035327167044162,-0.015162956988088547,-0.04815646556698338,
0.014218020301170673,-0.022071633208774123,0.006093007201156639,0.07194465575377558,0.10288093882090558,-0.03256355925059063,0.04050294130805847,-0.023556812440909732,-0.0030311254292670884,-0.009164980616572874,
0.011491136508274883,-0.05920005285085654,-0.04306377691329354,-0.0044391016325644305,0.010752260608553145,-0.04649875465129818,0.008468147233008642,0.059661184777407936,0.035689224002698035,-0.05153195149576754,
-0.05929208780950479,0.005120204309647077,0.0713502056574665,-0.008373959894600942,-0.06825583178947266,-0.11533511723848425,0.05671031880385,0.1258712179963017,5.502321139952896E-4,0.011044069138350607,
0.052917933223346925,0.05056611022611137,-0.010151623182340239,-0.002220438925461828,-0.07733480680387239,0.03277906597643224,-0.002153437271134813,-0.0487979060243057,-0.026150329003349643,-0.0585505498410311,
-0.09093064159419612,-0.008767051912646843,0.03072506539811708,-0.032159780222733296,-0.032146904804988045,0.03881611158515629,0.016613221743182045,0.00535163016954248,0.04102157368921226,-0.015910413271683434,
0.0015274578294233903,-0.0181740319850356,0.0420478640168535,0.011049086702079762,0.031096473913609382,-0.014205531878190942,0.01021104219318653,-0.010009326405979317,-0.044903360306962216,-0.08649037608733517,
0.06343274663465023,0.07590478013059963,0.013819459375786833,0.025182000040579033,-0.030437358376056996,-0.021606397522364724,0.008001519277425427,-0.029744449185880324,-0.12443470723151914,0.0010909094654518831,
-0.023413309795976587,-0.02679309769877836,0.016345775042410655,0.011964408195954339,0.008687539274435455,0.01737005905927098,-0.1087625208888929,-0.022446534663794683,0.009582163342019768,0.012193581296222467,
-0.039490269014816295,-0.03900721776586798,-0.0034833315858212614,0.034821088013759056,0.06912238801169551,0.07440088270866561,-0.030662053749400786,-0.011983861305313242,-0.1623868330084438,-0.030868202729673642,
-0.012824014510200217,0.024530297411076703,0.013945081039609512,0.030910410797873038,-0.03118218538210068,-0.06149766629344153,-0.12332104121317558,-6.655271934997906E-4,0.010616941485962799,0.0595371588906891,
0.017100319184325006,-0.03383782570449206,0.05732326998400983,4.875942763991694E-4,-0.07383121675908312,-0.011015173776271448,0.012279988476592538,-0.04713213172290589,0.028444260861550438,-0.07493579055344708,
-0.04765696076235747,-0.004322205150644721,0.046624176974993756,0.045544793771517995,-0.0354927863046875,-0.013188759196241987,-0.07228530692350242,-4.29858155163661E-4,-0.019941448389963867,-0.041484378478900824,
0.06039029962319079,0.01846253775908442,0.023879465211399727,-0.011738843527679675,0.03304986644626623,0.010916849716217607,-0.03336230960664928,-0.045083758497074626,-0.008953836516762166,-0.09374813405893843,
0.0629505313714118,-0.09469402087945779,0.0063438462355917425,0.03479817676314984,-0.09940384951941646,0.08064784154683333,-0.11213449354913006,-0.016955136221294395,0.07173432916662015,-0.024485116479437772,
0.05939801628382288,-0.07103517394156948,0.060014264345216395,0.011617507037504254,-0.022432826881391605,-0.00487762417766299,-0.08891124372694163,-0.0584981022565141,-0.041042380256471625,0.04349902041582586,
0.01893900006421219,-0.04041607534066068,-0.0035088566827162783,8.376253328402746E-4,0.04918884541311714,0.03169491895054347,0.01573474360053725,0.09310291076935275,-0.035109781271806896,-0.029919980020701165,
-0.017419009198770985,-0.04635709751307863,0.004328320866331657,-0.008325781618588992,-0.035258252120529035,0.016834715273498453,-0.005209284057904451,0.02318414749425115,0.06873313254421194,-0.020378705071246204,
-0.034456817177497344,0.003912812966892052,0.0034666171070883186,0.08072389166886865,0.013454860006534387,0.0022129210989446074,0.036073534250194834,-0.06625093577393458,0.00550792226328662,0.03633060889311354,
0.07977764767000287,0.011022447358400965,-0.03125424453159882,-0.0639624609101184,0.027906054213138843,0.04039509822795556,-0.0701843274793454,0.021042952314581018,0.007790383514181605,0.10884775678174961,
0.034921098305040456,-0.02980690893917359,0.0022540000457663928,-0.04221072024218043,0.010132471410710442,0.031679450994104005,0.0010576665899575167,0.0410155283925457,-0.004587662598750037,0.014756800002944496,
-0.042393351588212815,-0.03328606497103153,-0.00436008186583849,0.04896592230456062,-0.031214852875740884,-0.06878159377224183,-0.026474864676844442,-0.02073356851799397,-0.04292265309133883,0.03918701681640044,
-0.07143409190586421,0.012804859598529105,0.07890488364903749,0.050553306700672304,0.014390312177355669,0.026112239003369182,0.016073029371310034,0.12002484193945642,-0.04403087268812792,0.059692405213613554,
0.008982670139662441,0.022251184573300043,0.08783630698690213,-0.03200949858337139,0.028633792277211086,0.056208357183405326,0.06367432876762956,0.04544620169577872,0.04790767368400311,0.016128524798094637,
-0.016263572126535793,-0.03147818544684021,0.056536910400373265,-0.0025559337693955926,0.01272308194654112,-0.019078755430985934,-0.05150583847112621,0.006194373693692589,0.0450318982049333,1.5342405095735082E-4,
-0.028280770744289363,0.009482080964882901,-0.03898275878329569,0.0177117883353398,-0.11004921363542304,0.008552134584711,-0.016520078239313552,-0.03054383106714021,-0.01893845907949604,0.0012949224344114172,
0.06583697736249303,-0.009165172760409481,-0.008790744744905907,9.984177052852837E-4,0.00713444001994945,3.0801261573799263E-4,0.006562611822725448,0.016584282696315934,0.038234073618278686,-0.1685366755392792,
-0.005092858824599733,-0.05620159017432331,-0.08284463439565466,0.0121969971062497,-0.002438914333700952,-0.0910627789936449,-0.030251282148807533,0.011073398096099656,-0.0494222980596501,-0.031198659592182286,
-0.054324727530435456,-0.0961590915343045,1.1249130260785376E-4,0.04334393244105742,-0.032167077319441725,-0.0177285533831007,-0.030485885858870982,0.026700521202731076,0.044662258442806226,0.02782018136915799,
0.06563864441544397,-0.013058680405750481,-0.03600125046789213,0.01980477608263356,-0.005037231898328143,-0.007800742222598858,0.07149322564010213,0.032940097324066,-0.04131250571474615,-0.08685391378113445,
-0.015502346067267895,-0.06995910262432209,9.138599237152743E-4,0.0011873512812195421,-0.05464397389133913,0.006637254064000639,-0.03484849363041051,0.019032601035304873,-0.0011107757198433844,-0.052356194554609714,
0.008652286199720858,-0.015502552855945494,-0.028376594789994432,-0.024634137772264097,0.008322316743589466,-0.028074152717578182,-0.01638826494524882,0.005988152523411277,0.003110806187057199,0.012502931918256242,
-0.013375160102773247,-0.014687132650630118,-0.031023959954856663,0.03319273712293851,-0.043759110534556465,-0.07355400941481031,-0.05317161508846143,0.010631299479239145,-0.03431538802369139,-0.021909042932013283,
0.028718752662865832,0.04954093036900193,-0.05396713513580868,0.1219883598497959,-0.030365875795770714,0.1065713914844225,-0.06586993770271761,0.02271722270350367,-0.01356062187173646,-0.09802309542861139,
0.013613837243200807,-0.008432068186214755,0.035445998348017434,0.09453408813040122,-0.06663931688912912,-0.0780682420490808,-0.05887435141969116,-0.015521265911782102,0.018935417219743143,0.0062518471506077655,
0.031013865185841073,0.01332126542247614,-0.048117371725961346,0.02417513815941763,0.015562242179567348,-0.00633976371253109,-0.0523337811545511,0.04918234072241814,-0.04997155890587494,-0.052593283422079064,
0.013427584786987832,-0.14252545240254863,-0.038047630588290714,-0.028207324506218226,-0.18201198478912328,0.08541629465649057,-0.15315443534900672,0.015239518395931911,0.019301947705960915,0.09976771323532126,
0.042095745917702924,-0.044735739552791635,0.019488789647400744,-0.011046177558759038,-0.05988564410942293,0.01575817978857546,-0.0689269526596452,0.06031950895901437,-0.03491718226166381,0.024280129878230892,
-0.06506255596547426,-0.06264005614133135,-0.061781203600432794,-0.0436712376660112,-0.0393049761118747,-0.05520825427317071,0.03860778308361265,-0.10143861906265315,0.05266199920841832,-0.05009358262242928,
-0.029479915140692446,0.0017036208831159771,-0.05719348825986265,0.06605935686570377,0.01585269095945082,-0.0671856830636821,-0.043039737340897576,0.01905803765082442,0.050624595225990436,-0.048744654441823715,
-0.07442114433832273,0.0401119580850346,0.006965737775130042,-0.01134577630234334,-0.05378835812610518,0.03199499568715054,0.002995079980364461,-0.009874146504178193,0.016722163788953005,0.005456055600793294,
0.04740536665131418,0.10038624142602155,0.10586917963610731,0.005103247212892717,0.020211239762851912,-0.04059389828947442,0.006041600292079297,-0.03244217892918234,0.05605857662321249,-0.002304581370585642,
-0.05182943707899246,0.022037735438734867,-0.04281624331957632,-0.0034284816818435965,-0.03165560660426451,-0.006169354645006774,0.06201022051799132,-0.003644560565969821,-0.0029768755598625013,-0.0915471924470014,
-0.03513987586485619,-0.018665952959508993,-0.09833993058550171,-0.044695082921402673,-0.09890837356134444,0.013146390111951428,-0.029915987522906695,0.04739706982523002,0.033041975789915155,0.015335561381592054,
-0.0035917867223414107,0.025922007447202997,-0.12363608459043553,0.0035515384579548515,-0.0037980299782273672,-0.01902624626712702,-0.07700180749279126,0.054762248732777956,-0.04873900376962785,-0.0701419017119969,
-0.006379593513287768,-0.005216898292221344,-0.0015877322871574076,0.0890908810166466,-0.0033020841180405494,0.06900345152379153,0.0050463256145741155,0.03475686258932188,-0.047882936305485034,-0.1264824266198653,
0.02845149816455147,0.011751889983517777,0.03955083397315735,-0.029872794989892777,0.042744734692581374,0.0992613262543623,0.0028844771680473762,-0.025523852502762543,0.024245842359458224,0.021993882965729905,
0.015619141262317391,-8.894675760498141E-4,-0.017023363429532604,0.05329626622237697,-0.021009373068662733,-0.06296251349482897,0.026082379801047068,0.04166994114620175,0.008035001030752486,-0.015652739790796965,
-0.037584248983668245,-0.01094226549565001,-0.033929494898109945,-0.006266263948837247,-0.015679358554173226,-0.03827983138318425,-0.03191877586796861,0.019822698571678014,-0.0134817712460156,-0.05297563381594382,
0.044841969525528276,-0.02765784358464119,-0.06672064096969935,-0.041279662032193645,-0.10490984173535564,-0.011407973739430055,-0.015289125496634097,-0.017170064812900992,-0.10319904155289038,-0.04020221956279251,
0.015737927916980077,-0.04972686842850599,-0.012378822263231904,0.021860884790087253,0.038693088614535784,0.024276320533132296,-0.06899863098641991,0.017019868297989488,-0.05327790370750477,-0.07291738504467286,
-0.01845913322154644,-0.01733563467941928,0.04614587112731192,-0.009241016346470132,-0.028899679786476416,0.028272341038115788,0.030829965791928236,-0.01092115691803754,0.013102008806180133,0.03663013104758945,
0.030880048652292352,-0.004329487295697977,-0.04372407713288518,0.06520100761416281,0.005996980005132918,-0.0434889336845569,-0.026350926444374007,0.011425222368882326,-0.005919768558538256,-0.035847055249332654,
0.030552149097240217,-0.03795773254865662,0.03334093856707934,0.010390852003493956,0.02909501920417633,0.04790465549635047,-0.010115978631871341,0.02596804613451949,-0.06536301761226686,-0.05280759000953679,
0.010147278822275455,0.008428306192934332,0.03873059577207488,0.05773296480820914,-0.016351038650852502,-0.06521200404560819,-0.012571854928621739,0.029882325781689843,-0.0014664216879993945,-0.009727254261237113,
-0.034182741826910855,-0.14022888739114278,0.022007954046259517,-0.08752051593853324,-0.03215007526034159,-0.05421881582560512,0.06266539063365321,-0.06593905571673242,0.02907700425424491,0.04798438209487397,
0.014459353527019138,-0.06809693406164948,0.008527154486550094,0.0671883657795998,-0.03952997408605022,-0.025849267662393243,-0.027640223894248927,0.014433911962025954,0.01830815664649426,0.024123550898123788,
-0.02736418358006419,0.075401142279827,0.0015282667186396334,0.0032468577875965766,-0.02668805733872388,-0.01887052169236734,-0.018356211340008036,-0.049443495581600085,0.03745770157438116,0.026548240262465057,
-0.04599748600183328,-0.12168232218910799,-0.06331775565262103,0.019414927678350406,-0.15332782621451438,0.105155640764041,-0.074892962075529,0.026541628755391754,0.06727509488225726,-0.04129880775954568,
0.0776007598440891,-0.05498642292474589,0.009306857075608983,0.0033038835492794974,0.035312012628608405,-0.03675430432380032,0.036241946658029364,0.04020762054181949,0.03060627073196236,-0.058246994610542634,
0.05758561041888741,-0.004451957579136772,-0.0318572221272697,0.02009058023997108,0.033305204203908784,0.13283691273669723,-0.022606760198370858,0.12934827034905547,0.030235213682455048,-0.016422707757840604,
-0.04839244738169462,-0.027278325577167806,0.009127850992370842,0.05262143213487966,0.06630456971494474,0.002674048205533653,0.07972306794915975,-0.029608132584803222,-0.07368514065002543,0.0659094633495238,
0.013516386912588227,-0.018229809339721337,-0.04104993733503434,0.026354317122904147,0.056715471985576776,-0.04923272633326258,0.008946431545999936,-0.046689151629238104,0.008965443421198472,0.011790642437994329,
0.05242031173191797,0.01992812712259039,0.004405648341694895,-0.10295198896845167,0.05006498757968521,-0.049985174059473156,-0.017226002679669273,-0.006802246149667535,0.001519061311888354,-0.038127611906328275,
0.033792662303955265,0.07106337070335522,0.044816613532860705,-0.0260349556913922,0.03511966661785826,0.001594164341167467,-0.03040775232914675,0.005419826813325016,0.0014681555239997117,0.013379159060530539,
0.01845240340340785,0.03899611899534803,-0.011389943433647859,0.006351983842305953,-0.022943115022010616,0.022806888559421812,-0.02677739247180908,-0.025011890440125157,-0.07058086273526007,-0.001378458967844835,
-0.007933036063920498,0.019397861121086386,-0.05145841693592159,0.00891790781465094,0.06375423529092904,-0.03666653985517897,0.07112387094380233,0.05969950194754543,-0.049541978900980554,0.01597333761967778,
-0.025802531291787535,0.004579275529444908,0.06046392101794418,0.04955465342709793,0.0019829838152921357,0.08245035420767932,0.004696519051974821,0.08855836289125388,-0.021341330572279212,0.016934615640237193,
0.010728883727312143,-0.02679353333398638,-0.08846679765518695,0.023237956582328054,-0.01858918270557351,0.09559019216318079,-0.00891736270972904,0.03578175435230451,-0.013526914501427144,-0.01388794751536833,
0.034449790406975885,0.050068743226700824,0.014750280800197689,-0.019945640338436356,-0.020837153720615217,-0.0409814583799533,-0.014123944363404806,-0.02625100191570375,-0.02163452108913975,0.04524853121800816,
0.031072859601108345,-0.016114102999032938,0.026614410662599276,-0.03319606369061063,-0.02143816094486992,0.02848832881725638,0.040865067794117506,0.015499710704926927,-0.0214061318173203,0.01667626224389734,
0.014885667937778896,-0.013102972352427343,0.007026851378851148,-0.02518766804782353,-0.037376226363269885,-0.017990210644826053,-0.0014946910801026175,0.015475779200509548,0.07588521614843877,-0.037091047392986846,
0.012988481476858897,-0.019097726487158385,0.08709987474745232,0.061861058243471774,0.03661887903279124,0.010589915136358171,2.1304304174894322E-4,-0.021911630846843867,-0.020342289511739796,-0.018094609889040845,
-0.0039137788231476366,-0.0048110537235369665,0.0021312285769447344,0.01870202144028808,-0.05668301025789351,-0.01002403129259718,-0.025554368342760387,-0.022343198337109033,-0.021501764412012788,0.06929132759474799,
-0.013287147339252613,0.011494006206180215,0.09188755456013255,-0.0018891384095155261,-0.041367275724659515,0.04303841690963765,-0.05320670528805741,-0.00710226019386855,0.04798360321405005,-0.07032489932375664,
0.003497945598435291,0.02330047660646375,-0.004432235710426447,0.022533577561864086,0.03139712001883115,-0.0054074141171129965,-0.06487898858619603,-0.0015740095350189683,0.014146448868440591,-0.003896580341862587,
-0.009745662292642223,0.033008207919637204,0.05990120323765172,-0.0011348574823455443,0.027959579969564365,-0.014546639137219349,-0.07975387944649018,6.028703433874755E-4,0.05727103168934174,0.018967215836114597,
0.06320136880285207,0.03588873780326118,-0.06499697951780904,0.05804337831933308,-0.05544427505560352,0.13882197929095225,-0.07704894592640613,0.03910660314310257,0.025306878356409292,0.08704223503106209,
-0.04708324429467317,-0.038449592629189996,0.0339539958143357,0.047386448089766255,-0.003514864502325204,0.01621108829934105,-0.007266310795819561,-0.029375243587293542,-0.0336814134642232,0.04235267433366257,
0.024876224216522764,-0.03202340637496697,-0.01773951347753443,-0.00462734785010373,-0.09845566541421831,0.019204941566785167,-0.06466252937768285,0.09257340283128042,-0.007480751622385711,0.04184914368392746,
-0.14018692987611237,-0.09308817899604364,-0.1169571253591214,0.02637072693831392,-0.10772458997500033,0.0886591196297304,0.045539030962653805,-0.002105004526192189,0.015110184547832636,-0.028525466346432226,
-0.012690451961678577,-0.031429479426663486,4.592375523491034E-4,-0.047494848851762785,0.03878019996470138,0.02775641265451163,-0.016496945450162614,0.03889417092376461,-0.09313454722285588,-0.022460927588473675,
0.0505123586821959,0.006053979491517291,0.010727130367961784,-0.06232836859067252,-0.0674759804058471,-0.029973697992171276,0.04213400361620939,0.03556592685704905,0.005777105913854253,0.09539582822115679,
0.00690568176390049,0.025894627625313693,-0.02225584080618563,0.051100843027297206,0.09625880378537713,-0.0019888667206880463,0.025383073843778525,-0.012967270065951967,0.04222944522515807,0.0639285661608243,
-0.027360800245595913,-0.09287675445395366,0.02289249433148931,-0.05089950791364271,-0.012965744013612035,-1.7809402154635404E-4,0.002463139331007007,-0.061205420894498444,-0.007443151017684825,0.00950744505628279,
0.050228471031523995,0.0765426518315117,-0.0595164829756096,-0.04146257380940043,0.01872271283017355,-0.06741683622433302,-0.04060259967808278,-0.02645137812454794,0.06204860310738225,0.005116800211286345,
-0.03763110800744457,-0.0011412782318313821,0.004237153412022377,0.014281982266348503,-0.03144982485171211,0.0193141, 0, 0, 0, 0,